2026-07-01 20:18:17,093:WARNING:
'cuml' is a soft dependency and not included in the pycaret installation. Please run: `pip install cuml` to install.
2026-07-01 20:18:17,093:WARNING:
'cuml' is a soft dependency and not included in the pycaret installation. Please run: `pip install cuml` to install.
2026-07-01 20:18:17,093:WARNING:
'cuml' is a soft dependency and not included in the pycaret installation. Please run: `pip install cuml` to install.
2026-07-01 20:18:17,093:WARNING:
'cuml' is a soft dependency and not included in the pycaret installation. Please run: `pip install cuml` to install.
2026-07-01 20:18:18,774:INFO:Initializing load_model()
2026-07-01 20:18:18,774:INFO:load_model(model_name=model/phishingdetection, platform=None, authentication=None, verbose=True)
2026-07-01 20:18:18,777:WARNING:C:\Users\asus\Downloads\python-phishing-url-detection-master\python-phishing-url-detection-master\venv\lib\site-packages\sklearn\base.py:376: InconsistentVersionWarning: Trying to unpickle estimator SimpleImputer from version 1.2.2 when using version 1.4.2. This might lead to breaking code or invalid results. Use at your own risk. For more info please refer to:
https://scikit-learn.org/stable/model_persistence.html#security-maintainability-limitations
  warnings.warn(

2026-07-01 20:18:18,777:WARNING:C:\Users\asus\Downloads\python-phishing-url-detection-master\python-phishing-url-detection-master\venv\lib\site-packages\sklearn\base.py:376: InconsistentVersionWarning: Trying to unpickle estimator PowerTransformer from version 1.2.2 when using version 1.4.2. This might lead to breaking code or invalid results. Use at your own risk. For more info please refer to:
https://scikit-learn.org/stable/model_persistence.html#security-maintainability-limitations
  warnings.warn(

2026-07-01 20:18:18,778:WARNING:C:\Users\asus\Downloads\python-phishing-url-detection-master\python-phishing-url-detection-master\venv\lib\site-packages\sklearn\base.py:376: InconsistentVersionWarning: Trying to unpickle estimator StandardScaler from version 1.2.2 when using version 1.4.2. This might lead to breaking code or invalid results. Use at your own risk. For more info please refer to:
https://scikit-learn.org/stable/model_persistence.html#security-maintainability-limitations
  warnings.warn(

2026-07-01 20:18:18,833:WARNING:C:\Users\asus\Downloads\python-phishing-url-detection-master\python-phishing-url-detection-master\venv\lib\site-packages\sklearn\base.py:376: InconsistentVersionWarning: Trying to unpickle estimator LabelEncoder from version 1.2.2 when using version 1.4.2. This might lead to breaking code or invalid results. Use at your own risk. For more info please refer to:
https://scikit-learn.org/stable/model_persistence.html#security-maintainability-limitations
  warnings.warn(

2026-07-01 20:18:18,835:WARNING:C:\Users\asus\Downloads\python-phishing-url-detection-master\python-phishing-url-detection-master\venv\lib\site-packages\_distutils_hack\__init__.py:30: UserWarning: Setuptools is replacing distutils. Support for replacing an already imported distutils is deprecated. In the future, this condition will fail. Register concerns at https://github.com/pypa/setuptools/issues/new?template=distutils-deprecation.yml
  warnings.warn(

2026-07-01 20:18:18,840:WARNING:C:\Users\asus\Downloads\python-phishing-url-detection-master\python-phishing-url-detection-master\venv\lib\site-packages\pycaret\internal\pipeline.py:146: UserWarning: Version mismatch:
current: {'deps_info': {'pip': '26.1.2', 'setuptools': '82.0.1', 'pycaret': '3.3.1', 'IPython': '8.23.0', 'ipywidgets': '8.1.2', 'tqdm': '4.66.2', 'numpy': '1.26.4', 'pandas': '2.1.4', 'jinja2': '3.1.3', 'scipy': '1.11.4', 'joblib': '1.3.2', 'sklearn': '1.4.2', 'pyod': '1.1.3', 'imblearn': '0.12.2', 'category_encoders': '2.6.3', 'lightgbm': '4.3.0', 'numba': '0.59.1', 'requests': '2.31.0', 'matplotlib': '3.7.5', 'scikitplot': '0.3.7', 'yellowbrick': '1.5', 'plotly': '5.21.0', 'plotly-resampler': 'Not installed', 'kaleido': '0.2.1', 'schemdraw': '0.15', 'statsmodels': '0.14.2', 'sktime': '0.26.0', 'tbats': '1.1.3', 'pmdarima': '2.0.4', 'psutil': '5.9.8', 'markupsafe': '2.1.5', 'pickle5': 'Not installed', 'cloudpickle': '3.0.0', 'deprecation': '2.1.0', 'xxhash': '3.4.1', 'wurlitzer': 'Not installed'}, 'python': {'version': '3.10.11', 'machine': 'AMD64'}}
pickle: {'deps_info': {'pip': '23.1.2', 'setuptools': '67.7.2', 'pycaret': '3.0.4', 'IPython': '7.34.0', 'ipywidgets': '7.7.1', 'tqdm': '4.66.1', 'numpy': '1.23.5', 'pandas': '1.5.3', 'jinja2': '3.1.2', 'scipy': '1.10.1', 'joblib': '1.3.2', 'sklearn': '1.2.2', 'pyod': '1.1.0', 'imblearn': '0.10.1', 'category_encoders': '2.6.2', 'lightgbm': '4.0.0', 'numba': '0.56.4', 'requests': '2.31.0', 'matplotlib': '3.7.1', 'scikitplot': '0.3.7', 'yellowbrick': '1.5', 'plotly': '5.15.0', 'plotly-resampler': 'Not installed', 'kaleido': '0.2.1', 'schemdraw': '0.15', 'statsmodels': '0.14.0', 'sktime': '0.22.0', 'tbats': '1.1.3', 'pmdarima': '2.0.3', 'psutil': '5.9.5', 'markupsafe': '2.1.3', 'pickle5': 'Not installed', 'cloudpickle': '2.2.1', 'deprecation': '2.1.0', 'xxhash': '3.3.0', 'wurlitzer': '3.0.3'}, 'python': {'version': '3.10.12', 'machine': 'x86_64'}}
  warnings.warn(

2026-07-01 20:18:19,567:WARNING:C:\Users\asus\Downloads\python-phishing-url-detection-master\python-phishing-url-detection-master\venv\lib\site-packages\sklearn\base.py:376: InconsistentVersionWarning: Trying to unpickle estimator PCA from version 1.2.2 when using version 1.4.2. This might lead to breaking code or invalid results. Use at your own risk. For more info please refer to:
https://scikit-learn.org/stable/model_persistence.html#security-maintainability-limitations
  warnings.warn(

2026-07-01 20:18:19,576:INFO:Initializing predict_model()
2026-07-01 20:18:19,576:INFO:predict_model(self=<pycaret.classification.oop.ClassificationExperiment object at 0x000001D0860E5240>, estimator=Pipeline(memory=FastMemory(location=/tmp/joblib),
         steps=[('numerical_imputer',
                 TransformerWrapper(include=['domain_att', 'URL_Length',
                                             'URL_Depth'],
                                    transformer=SimpleImputer())),
                ('categorical_imputer',
                 TransformerWrapper(include=[],
                                    transformer=SimpleImputer(strategy='most_frequent'))),
                ('transformation',
                 TransformerWrapper(transformer=PowerTransformer(standardize=False))),
                ('normalize', TransformerWrapper(transformer=StandardScaler())),
                ('clean_column_names',
                 TransformerWrapper(transformer=CleanColumnNames())),
                ('trained_model', LGBMClassifier(n_jobs=-1, random_state=321))]), probability_threshold=None, encoded_labels=False, raw_score=False, round=4, verbose=True, ml_usecase=None, preprocess=True, encode_labels=<function _SupervisedExperiment.predict_model.<locals>.encode_labels at 0x000001D086187F40>)
2026-07-01 20:18:19,576:INFO:Checking exceptions
2026-07-01 20:18:19,576:INFO:Preloading libraries
2026-07-01 20:18:19,576:INFO:Set up data.
2026-07-01 20:18:19,578:INFO:Set up index.
2026-07-01 20:18:19,737:WARNING:C:\Users\asus\Downloads\python-phishing-url-detection-master\python-phishing-url-detection-master\venv\lib\site-packages\sklearn\base.py:376: InconsistentVersionWarning: Trying to unpickle estimator PCA from version 1.2.2 when using version 1.4.2. This might lead to breaking code or invalid results. Use at your own risk. For more info please refer to:
https://scikit-learn.org/stable/model_persistence.html#security-maintainability-limitations
  warnings.warn(

2026-07-01 20:18:19,743:INFO:Initializing predict_model()
2026-07-01 20:18:19,743:INFO:predict_model(self=<pycaret.classification.oop.ClassificationExperiment object at 0x000001D0BE7E4E80>, estimator=Pipeline(memory=FastMemory(location=/tmp/joblib),
         steps=[('numerical_imputer',
                 TransformerWrapper(include=['domain_att', 'URL_Length',
                                             'URL_Depth'],
                                    transformer=SimpleImputer())),
                ('categorical_imputer',
                 TransformerWrapper(include=[],
                                    transformer=SimpleImputer(strategy='most_frequent'))),
                ('transformation',
                 TransformerWrapper(transformer=PowerTransformer(standardize=False))),
                ('normalize', TransformerWrapper(transformer=StandardScaler())),
                ('clean_column_names',
                 TransformerWrapper(transformer=CleanColumnNames())),
                ('trained_model', LGBMClassifier(n_jobs=-1, random_state=321))]), probability_threshold=None, encoded_labels=False, raw_score=False, round=4, verbose=True, ml_usecase=None, preprocess=True, encode_labels=<function _SupervisedExperiment.predict_model.<locals>.encode_labels at 0x000001D086187F40>)
2026-07-01 20:18:19,743:INFO:Checking exceptions
2026-07-01 20:18:19,743:INFO:Preloading libraries
2026-07-01 20:18:19,743:INFO:Set up data.
2026-07-01 20:18:19,745:INFO:Set up index.
2026-07-01 20:18:19,920:WARNING:C:\Users\asus\Downloads\python-phishing-url-detection-master\python-phishing-url-detection-master\venv\lib\site-packages\sklearn\base.py:376: InconsistentVersionWarning: Trying to unpickle estimator PCA from version 1.2.2 when using version 1.4.2. This might lead to breaking code or invalid results. Use at your own risk. For more info please refer to:
https://scikit-learn.org/stable/model_persistence.html#security-maintainability-limitations
  warnings.warn(

2026-07-01 20:18:19,926:INFO:Initializing predict_model()
2026-07-01 20:18:19,926:INFO:predict_model(self=<pycaret.classification.oop.ClassificationExperiment object at 0x000001D0E1C5D150>, estimator=Pipeline(memory=FastMemory(location=/tmp/joblib),
         steps=[('numerical_imputer',
                 TransformerWrapper(include=['domain_att', 'URL_Length',
                                             'URL_Depth'],
                                    transformer=SimpleImputer())),
                ('categorical_imputer',
                 TransformerWrapper(include=[],
                                    transformer=SimpleImputer(strategy='most_frequent'))),
                ('transformation',
                 TransformerWrapper(transformer=PowerTransformer(standardize=False))),
                ('normalize', TransformerWrapper(transformer=StandardScaler())),
                ('clean_column_names',
                 TransformerWrapper(transformer=CleanColumnNames())),
                ('trained_model', LGBMClassifier(n_jobs=-1, random_state=321))]), probability_threshold=None, encoded_labels=False, raw_score=False, round=4, verbose=True, ml_usecase=None, preprocess=True, encode_labels=<function _SupervisedExperiment.predict_model.<locals>.encode_labels at 0x000001D086187F40>)
2026-07-01 20:18:19,926:INFO:Checking exceptions
2026-07-01 20:18:19,927:INFO:Preloading libraries
2026-07-01 20:18:19,927:INFO:Set up data.
2026-07-01 20:18:19,929:INFO:Set up index.
2026-07-01 20:18:20,325:WARNING:C:\Users\asus\Downloads\python-phishing-url-detection-master\python-phishing-url-detection-master\venv\lib\site-packages\sklearn\base.py:376: InconsistentVersionWarning: Trying to unpickle estimator PCA from version 1.2.2 when using version 1.4.2. This might lead to breaking code or invalid results. Use at your own risk. For more info please refer to:
https://scikit-learn.org/stable/model_persistence.html#security-maintainability-limitations
  warnings.warn(

2026-07-01 20:18:20,330:INFO:Initializing predict_model()
2026-07-01 20:18:20,330:INFO:predict_model(self=<pycaret.classification.oop.ClassificationExperiment object at 0x000001D0BE7E4E80>, estimator=Pipeline(memory=FastMemory(location=/tmp/joblib),
         steps=[('numerical_imputer',
                 TransformerWrapper(include=['domain_att', 'URL_Length',
                                             'URL_Depth'],
                                    transformer=SimpleImputer())),
                ('categorical_imputer',
                 TransformerWrapper(include=[],
                                    transformer=SimpleImputer(strategy='most_frequent'))),
                ('transformation',
                 TransformerWrapper(transformer=PowerTransformer(standardize=False))),
                ('normalize', TransformerWrapper(transformer=StandardScaler())),
                ('clean_column_names',
                 TransformerWrapper(transformer=CleanColumnNames())),
                ('trained_model', LGBMClassifier(n_jobs=-1, random_state=321))]), probability_threshold=None, encoded_labels=False, raw_score=False, round=4, verbose=True, ml_usecase=None, preprocess=True, encode_labels=<function _SupervisedExperiment.predict_model.<locals>.encode_labels at 0x000001D0862409D0>)
2026-07-01 20:18:20,330:INFO:Checking exceptions
2026-07-01 20:18:20,330:INFO:Preloading libraries
2026-07-01 20:18:20,331:INFO:Set up data.
2026-07-01 20:18:20,333:INFO:Set up index.
2026-07-01 20:19:25,936:WARNING:
'cuml' is a soft dependency and not included in the pycaret installation. Please run: `pip install cuml` to install.
2026-07-01 20:19:25,936:WARNING:
'cuml' is a soft dependency and not included in the pycaret installation. Please run: `pip install cuml` to install.
2026-07-01 20:19:25,936:WARNING:
'cuml' is a soft dependency and not included in the pycaret installation. Please run: `pip install cuml` to install.
2026-07-01 20:19:25,936:WARNING:
'cuml' is a soft dependency and not included in the pycaret installation. Please run: `pip install cuml` to install.
2026-07-01 20:19:26,665:INFO:Initializing load_model()
2026-07-01 20:19:26,665:INFO:load_model(model_name=model/phishingdetection, platform=None, authentication=None, verbose=True)
2026-07-01 20:19:26,666:WARNING:C:\Users\asus\Downloads\python-phishing-url-detection-master\python-phishing-url-detection-master\venv\lib\site-packages\sklearn\base.py:376: InconsistentVersionWarning: Trying to unpickle estimator SimpleImputer from version 1.2.2 when using version 1.4.2. This might lead to breaking code or invalid results. Use at your own risk. For more info please refer to:
https://scikit-learn.org/stable/model_persistence.html#security-maintainability-limitations
  warnings.warn(

2026-07-01 20:19:26,666:WARNING:C:\Users\asus\Downloads\python-phishing-url-detection-master\python-phishing-url-detection-master\venv\lib\site-packages\sklearn\base.py:376: InconsistentVersionWarning: Trying to unpickle estimator PowerTransformer from version 1.2.2 when using version 1.4.2. This might lead to breaking code or invalid results. Use at your own risk. For more info please refer to:
https://scikit-learn.org/stable/model_persistence.html#security-maintainability-limitations
  warnings.warn(

2026-07-01 20:19:26,667:WARNING:C:\Users\asus\Downloads\python-phishing-url-detection-master\python-phishing-url-detection-master\venv\lib\site-packages\sklearn\base.py:376: InconsistentVersionWarning: Trying to unpickle estimator StandardScaler from version 1.2.2 when using version 1.4.2. This might lead to breaking code or invalid results. Use at your own risk. For more info please refer to:
https://scikit-learn.org/stable/model_persistence.html#security-maintainability-limitations
  warnings.warn(

2026-07-01 20:19:26,688:WARNING:C:\Users\asus\Downloads\python-phishing-url-detection-master\python-phishing-url-detection-master\venv\lib\site-packages\sklearn\base.py:376: InconsistentVersionWarning: Trying to unpickle estimator LabelEncoder from version 1.2.2 when using version 1.4.2. This might lead to breaking code or invalid results. Use at your own risk. For more info please refer to:
https://scikit-learn.org/stable/model_persistence.html#security-maintainability-limitations
  warnings.warn(

2026-07-01 20:19:26,690:WARNING:C:\Users\asus\Downloads\python-phishing-url-detection-master\python-phishing-url-detection-master\venv\lib\site-packages\_distutils_hack\__init__.py:30: UserWarning: Setuptools is replacing distutils. Support for replacing an already imported distutils is deprecated. In the future, this condition will fail. Register concerns at https://github.com/pypa/setuptools/issues/new?template=distutils-deprecation.yml
  warnings.warn(

2026-07-01 20:19:26,694:WARNING:C:\Users\asus\Downloads\python-phishing-url-detection-master\python-phishing-url-detection-master\venv\lib\site-packages\pycaret\internal\pipeline.py:146: UserWarning: Version mismatch:
current: {'deps_info': {'pip': '26.1.2', 'setuptools': '82.0.1', 'pycaret': '3.3.1', 'IPython': '8.23.0', 'ipywidgets': '8.1.2', 'tqdm': '4.66.2', 'numpy': '1.26.4', 'pandas': '2.1.4', 'jinja2': '3.1.3', 'scipy': '1.11.4', 'joblib': '1.3.2', 'sklearn': '1.4.2', 'pyod': '1.1.3', 'imblearn': '0.12.2', 'category_encoders': '2.6.3', 'lightgbm': '4.3.0', 'numba': '0.59.1', 'requests': '2.31.0', 'matplotlib': '3.7.5', 'scikitplot': '0.3.7', 'yellowbrick': '1.5', 'plotly': '5.21.0', 'plotly-resampler': 'Not installed', 'kaleido': '0.2.1', 'schemdraw': '0.15', 'statsmodels': '0.14.2', 'sktime': '0.26.0', 'tbats': '1.1.3', 'pmdarima': '2.0.4', 'psutil': '5.9.8', 'markupsafe': '2.1.5', 'pickle5': 'Not installed', 'cloudpickle': '3.0.0', 'deprecation': '2.1.0', 'xxhash': '3.4.1', 'wurlitzer': 'Not installed'}, 'python': {'version': '3.10.11', 'machine': 'AMD64'}}
pickle: {'deps_info': {'pip': '23.1.2', 'setuptools': '67.7.2', 'pycaret': '3.0.4', 'IPython': '7.34.0', 'ipywidgets': '7.7.1', 'tqdm': '4.66.1', 'numpy': '1.23.5', 'pandas': '1.5.3', 'jinja2': '3.1.2', 'scipy': '1.10.1', 'joblib': '1.3.2', 'sklearn': '1.2.2', 'pyod': '1.1.0', 'imblearn': '0.10.1', 'category_encoders': '2.6.2', 'lightgbm': '4.0.0', 'numba': '0.56.4', 'requests': '2.31.0', 'matplotlib': '3.7.1', 'scikitplot': '0.3.7', 'yellowbrick': '1.5', 'plotly': '5.15.0', 'plotly-resampler': 'Not installed', 'kaleido': '0.2.1', 'schemdraw': '0.15', 'statsmodels': '0.14.0', 'sktime': '0.22.0', 'tbats': '1.1.3', 'pmdarima': '2.0.3', 'psutil': '5.9.5', 'markupsafe': '2.1.3', 'pickle5': 'Not installed', 'cloudpickle': '2.2.1', 'deprecation': '2.1.0', 'xxhash': '3.3.0', 'wurlitzer': '3.0.3'}, 'python': {'version': '3.10.12', 'machine': 'x86_64'}}
  warnings.warn(

2026-07-01 20:19:28,590:WARNING:
'cuml' is a soft dependency and not included in the pycaret installation. Please run: `pip install cuml` to install.
2026-07-01 20:19:28,590:WARNING:
'cuml' is a soft dependency and not included in the pycaret installation. Please run: `pip install cuml` to install.
2026-07-01 20:19:28,590:WARNING:
'cuml' is a soft dependency and not included in the pycaret installation. Please run: `pip install cuml` to install.
2026-07-01 20:19:28,590:WARNING:
'cuml' is a soft dependency and not included in the pycaret installation. Please run: `pip install cuml` to install.
2026-07-01 20:19:29,323:INFO:Initializing load_model()
2026-07-01 20:19:29,323:INFO:load_model(model_name=model/phishingdetection, platform=None, authentication=None, verbose=True)
2026-07-01 20:19:29,324:WARNING:C:\Users\asus\Downloads\python-phishing-url-detection-master\python-phishing-url-detection-master\venv\lib\site-packages\sklearn\base.py:376: InconsistentVersionWarning: Trying to unpickle estimator SimpleImputer from version 1.2.2 when using version 1.4.2. This might lead to breaking code or invalid results. Use at your own risk. For more info please refer to:
https://scikit-learn.org/stable/model_persistence.html#security-maintainability-limitations
  warnings.warn(

2026-07-01 20:19:29,325:WARNING:C:\Users\asus\Downloads\python-phishing-url-detection-master\python-phishing-url-detection-master\venv\lib\site-packages\sklearn\base.py:376: InconsistentVersionWarning: Trying to unpickle estimator PowerTransformer from version 1.2.2 when using version 1.4.2. This might lead to breaking code or invalid results. Use at your own risk. For more info please refer to:
https://scikit-learn.org/stable/model_persistence.html#security-maintainability-limitations
  warnings.warn(

2026-07-01 20:19:29,325:WARNING:C:\Users\asus\Downloads\python-phishing-url-detection-master\python-phishing-url-detection-master\venv\lib\site-packages\sklearn\base.py:376: InconsistentVersionWarning: Trying to unpickle estimator StandardScaler from version 1.2.2 when using version 1.4.2. This might lead to breaking code or invalid results. Use at your own risk. For more info please refer to:
https://scikit-learn.org/stable/model_persistence.html#security-maintainability-limitations
  warnings.warn(

2026-07-01 20:19:29,347:WARNING:C:\Users\asus\Downloads\python-phishing-url-detection-master\python-phishing-url-detection-master\venv\lib\site-packages\sklearn\base.py:376: InconsistentVersionWarning: Trying to unpickle estimator LabelEncoder from version 1.2.2 when using version 1.4.2. This might lead to breaking code or invalid results. Use at your own risk. For more info please refer to:
https://scikit-learn.org/stable/model_persistence.html#security-maintainability-limitations
  warnings.warn(

2026-07-01 20:19:29,348:WARNING:C:\Users\asus\Downloads\python-phishing-url-detection-master\python-phishing-url-detection-master\venv\lib\site-packages\_distutils_hack\__init__.py:30: UserWarning: Setuptools is replacing distutils. Support for replacing an already imported distutils is deprecated. In the future, this condition will fail. Register concerns at https://github.com/pypa/setuptools/issues/new?template=distutils-deprecation.yml
  warnings.warn(

2026-07-01 20:19:29,353:WARNING:C:\Users\asus\Downloads\python-phishing-url-detection-master\python-phishing-url-detection-master\venv\lib\site-packages\pycaret\internal\pipeline.py:146: UserWarning: Version mismatch:
current: {'deps_info': {'pip': '26.1.2', 'setuptools': '82.0.1', 'pycaret': '3.3.1', 'IPython': '8.23.0', 'ipywidgets': '8.1.2', 'tqdm': '4.66.2', 'numpy': '1.26.4', 'pandas': '2.1.4', 'jinja2': '3.1.3', 'scipy': '1.11.4', 'joblib': '1.3.2', 'sklearn': '1.4.2', 'pyod': '1.1.3', 'imblearn': '0.12.2', 'category_encoders': '2.6.3', 'lightgbm': '4.3.0', 'numba': '0.59.1', 'requests': '2.31.0', 'matplotlib': '3.7.5', 'scikitplot': '0.3.7', 'yellowbrick': '1.5', 'plotly': '5.21.0', 'plotly-resampler': 'Not installed', 'kaleido': '0.2.1', 'schemdraw': '0.15', 'statsmodels': '0.14.2', 'sktime': '0.26.0', 'tbats': '1.1.3', 'pmdarima': '2.0.4', 'psutil': '5.9.8', 'markupsafe': '2.1.5', 'pickle5': 'Not installed', 'cloudpickle': '3.0.0', 'deprecation': '2.1.0', 'xxhash': '3.4.1', 'wurlitzer': 'Not installed'}, 'python': {'version': '3.10.11', 'machine': 'AMD64'}}
pickle: {'deps_info': {'pip': '23.1.2', 'setuptools': '67.7.2', 'pycaret': '3.0.4', 'IPython': '7.34.0', 'ipywidgets': '7.7.1', 'tqdm': '4.66.1', 'numpy': '1.23.5', 'pandas': '1.5.3', 'jinja2': '3.1.2', 'scipy': '1.10.1', 'joblib': '1.3.2', 'sklearn': '1.2.2', 'pyod': '1.1.0', 'imblearn': '0.10.1', 'category_encoders': '2.6.2', 'lightgbm': '4.0.0', 'numba': '0.56.4', 'requests': '2.31.0', 'matplotlib': '3.7.1', 'scikitplot': '0.3.7', 'yellowbrick': '1.5', 'plotly': '5.15.0', 'plotly-resampler': 'Not installed', 'kaleido': '0.2.1', 'schemdraw': '0.15', 'statsmodels': '0.14.0', 'sktime': '0.22.0', 'tbats': '1.1.3', 'pmdarima': '2.0.3', 'psutil': '5.9.5', 'markupsafe': '2.1.3', 'pickle5': 'Not installed', 'cloudpickle': '2.2.1', 'deprecation': '2.1.0', 'xxhash': '3.3.0', 'wurlitzer': '3.0.3'}, 'python': {'version': '3.10.12', 'machine': 'x86_64'}}
  warnings.warn(

2026-07-01 20:19:36,915:WARNING:C:\Users\asus\Downloads\python-phishing-url-detection-master\python-phishing-url-detection-master\venv\lib\site-packages\sklearn\base.py:376: InconsistentVersionWarning: Trying to unpickle estimator PCA from version 1.2.2 when using version 1.4.2. This might lead to breaking code or invalid results. Use at your own risk. For more info please refer to:
https://scikit-learn.org/stable/model_persistence.html#security-maintainability-limitations
  warnings.warn(

2026-07-01 20:19:36,925:INFO:Initializing predict_model()
2026-07-01 20:19:36,925:INFO:predict_model(self=<pycaret.classification.oop.ClassificationExperiment object at 0x0000011062B31FF0>, estimator=Pipeline(memory=FastMemory(location=/tmp/joblib),
         steps=[('numerical_imputer',
                 TransformerWrapper(include=['domain_att', 'URL_Length',
                                             'URL_Depth'],
                                    transformer=SimpleImputer())),
                ('categorical_imputer',
                 TransformerWrapper(include=[],
                                    transformer=SimpleImputer(strategy='most_frequent'))),
                ('transformation',
                 TransformerWrapper(transformer=PowerTransformer(standardize=False))),
                ('normalize', TransformerWrapper(transformer=StandardScaler())),
                ('clean_column_names',
                 TransformerWrapper(transformer=CleanColumnNames())),
                ('trained_model', LGBMClassifier(n_jobs=-1, random_state=321))]), probability_threshold=None, encoded_labels=False, raw_score=False, round=4, verbose=True, ml_usecase=None, preprocess=True, encode_labels=<function _SupervisedExperiment.predict_model.<locals>.encode_labels at 0x0000011062B39D80>)
2026-07-01 20:19:36,925:INFO:Checking exceptions
2026-07-01 20:19:36,925:INFO:Preloading libraries
2026-07-01 20:19:36,925:INFO:Set up data.
2026-07-01 20:19:36,928:INFO:Set up index.
2026-07-01 20:19:40,301:WARNING:C:\Users\asus\Downloads\python-phishing-url-detection-master\python-phishing-url-detection-master\venv\lib\site-packages\sklearn\base.py:376: InconsistentVersionWarning: Trying to unpickle estimator PCA from version 1.2.2 when using version 1.4.2. This might lead to breaking code or invalid results. Use at your own risk. For more info please refer to:
https://scikit-learn.org/stable/model_persistence.html#security-maintainability-limitations
  warnings.warn(

2026-07-01 20:19:40,307:INFO:Initializing predict_model()
2026-07-01 20:19:40,307:INFO:predict_model(self=<pycaret.classification.oop.ClassificationExperiment object at 0x000001105FED0550>, estimator=Pipeline(memory=FastMemory(location=/tmp/joblib),
         steps=[('numerical_imputer',
                 TransformerWrapper(include=['domain_att', 'URL_Length',
                                             'URL_Depth'],
                                    transformer=SimpleImputer())),
                ('categorical_imputer',
                 TransformerWrapper(include=[],
                                    transformer=SimpleImputer(strategy='most_frequent'))),
                ('transformation',
                 TransformerWrapper(transformer=PowerTransformer(standardize=False))),
                ('normalize', TransformerWrapper(transformer=StandardScaler())),
                ('clean_column_names',
                 TransformerWrapper(transformer=CleanColumnNames())),
                ('trained_model', LGBMClassifier(n_jobs=-1, random_state=321))]), probability_threshold=None, encoded_labels=False, raw_score=False, round=4, verbose=True, ml_usecase=None, preprocess=True, encode_labels=<function _SupervisedExperiment.predict_model.<locals>.encode_labels at 0x0000011062B3B010>)
2026-07-01 20:19:40,307:INFO:Checking exceptions
2026-07-01 20:19:40,307:INFO:Preloading libraries
2026-07-01 20:19:40,307:INFO:Set up data.
2026-07-01 20:19:40,311:INFO:Set up index.
2026-07-01 20:20:02,409:WARNING:C:\Users\asus\Downloads\python-phishing-url-detection-master\python-phishing-url-detection-master\venv\lib\site-packages\sklearn\base.py:376: InconsistentVersionWarning: Trying to unpickle estimator PCA from version 1.2.2 when using version 1.4.2. This might lead to breaking code or invalid results. Use at your own risk. For more info please refer to:
https://scikit-learn.org/stable/model_persistence.html#security-maintainability-limitations
  warnings.warn(

2026-07-01 20:20:02,417:INFO:Initializing predict_model()
2026-07-01 20:20:02,417:INFO:predict_model(self=<pycaret.classification.oop.ClassificationExperiment object at 0x0000011062B31C00>, estimator=Pipeline(memory=FastMemory(location=/tmp/joblib),
         steps=[('numerical_imputer',
                 TransformerWrapper(include=['domain_att', 'URL_Length',
                                             'URL_Depth'],
                                    transformer=SimpleImputer())),
                ('categorical_imputer',
                 TransformerWrapper(include=[],
                                    transformer=SimpleImputer(strategy='most_frequent'))),
                ('transformation',
                 TransformerWrapper(transformer=PowerTransformer(standardize=False))),
                ('normalize', TransformerWrapper(transformer=StandardScaler())),
                ('clean_column_names',
                 TransformerWrapper(transformer=CleanColumnNames())),
                ('trained_model', LGBMClassifier(n_jobs=-1, random_state=321))]), probability_threshold=None, encoded_labels=False, raw_score=False, round=4, verbose=True, ml_usecase=None, preprocess=True, encode_labels=<function _SupervisedExperiment.predict_model.<locals>.encode_labels at 0x0000011062B3A5F0>)
2026-07-01 20:20:02,417:INFO:Checking exceptions
2026-07-01 20:20:02,417:INFO:Preloading libraries
2026-07-01 20:20:02,418:INFO:Set up data.
2026-07-01 20:20:02,420:INFO:Set up index.
2026-07-01 20:20:09,579:WARNING:C:\Users\asus\Downloads\python-phishing-url-detection-master\python-phishing-url-detection-master\venv\lib\site-packages\sklearn\base.py:376: InconsistentVersionWarning: Trying to unpickle estimator PCA from version 1.2.2 when using version 1.4.2. This might lead to breaking code or invalid results. Use at your own risk. For more info please refer to:
https://scikit-learn.org/stable/model_persistence.html#security-maintainability-limitations
  warnings.warn(

2026-07-01 20:20:09,585:INFO:Initializing predict_model()
2026-07-01 20:20:09,585:INFO:predict_model(self=<pycaret.classification.oop.ClassificationExperiment object at 0x0000011062B31F90>, estimator=Pipeline(memory=FastMemory(location=/tmp/joblib),
         steps=[('numerical_imputer',
                 TransformerWrapper(include=['domain_att', 'URL_Length',
                                             'URL_Depth'],
                                    transformer=SimpleImputer())),
                ('categorical_imputer',
                 TransformerWrapper(include=[],
                                    transformer=SimpleImputer(strategy='most_frequent'))),
                ('transformation',
                 TransformerWrapper(transformer=PowerTransformer(standardize=False))),
                ('normalize', TransformerWrapper(transformer=StandardScaler())),
                ('clean_column_names',
                 TransformerWrapper(transformer=CleanColumnNames())),
                ('trained_model', LGBMClassifier(n_jobs=-1, random_state=321))]), probability_threshold=None, encoded_labels=False, raw_score=False, round=4, verbose=True, ml_usecase=None, preprocess=True, encode_labels=<function _SupervisedExperiment.predict_model.<locals>.encode_labels at 0x0000011062B39E10>)
2026-07-01 20:20:09,585:INFO:Checking exceptions
2026-07-01 20:20:09,585:INFO:Preloading libraries
2026-07-01 20:20:09,586:INFO:Set up data.
2026-07-01 20:20:09,588:INFO:Set up index.
2026-07-01 20:21:01,083:WARNING:C:\Users\asus\Downloads\python-phishing-url-detection-master\python-phishing-url-detection-master\venv\lib\site-packages\sklearn\base.py:376: InconsistentVersionWarning: Trying to unpickle estimator PCA from version 1.2.2 when using version 1.4.2. This might lead to breaking code or invalid results. Use at your own risk. For more info please refer to:
https://scikit-learn.org/stable/model_persistence.html#security-maintainability-limitations
  warnings.warn(

2026-07-01 20:21:01,089:INFO:Initializing predict_model()
2026-07-01 20:21:01,089:INFO:predict_model(self=<pycaret.classification.oop.ClassificationExperiment object at 0x0000011062B31C60>, estimator=Pipeline(memory=FastMemory(location=/tmp/joblib),
         steps=[('numerical_imputer',
                 TransformerWrapper(include=['domain_att', 'URL_Length',
                                             'URL_Depth'],
                                    transformer=SimpleImputer())),
                ('categorical_imputer',
                 TransformerWrapper(include=[],
                                    transformer=SimpleImputer(strategy='most_frequent'))),
                ('transformation',
                 TransformerWrapper(transformer=PowerTransformer(standardize=False))),
                ('normalize', TransformerWrapper(transformer=StandardScaler())),
                ('clean_column_names',
                 TransformerWrapper(transformer=CleanColumnNames())),
                ('trained_model', LGBMClassifier(n_jobs=-1, random_state=321))]), probability_threshold=None, encoded_labels=False, raw_score=False, round=4, verbose=True, ml_usecase=None, preprocess=True, encode_labels=<function _SupervisedExperiment.predict_model.<locals>.encode_labels at 0x0000011062B3A710>)
2026-07-01 20:21:01,089:INFO:Checking exceptions
2026-07-01 20:21:01,089:INFO:Preloading libraries
2026-07-01 20:21:01,089:INFO:Set up data.
2026-07-01 20:21:01,091:INFO:Set up index.
2026-07-01 20:32:19,991:WARNING:C:\Users\asus\Downloads\python-phishing-url-detection-master\python-phishing-url-detection-master\venv\lib\site-packages\sklearn\base.py:376: InconsistentVersionWarning: Trying to unpickle estimator PCA from version 1.2.2 when using version 1.4.2. This might lead to breaking code or invalid results. Use at your own risk. For more info please refer to:
https://scikit-learn.org/stable/model_persistence.html#security-maintainability-limitations
  warnings.warn(

2026-07-01 20:32:19,997:INFO:Initializing predict_model()
2026-07-01 20:32:19,997:INFO:predict_model(self=<pycaret.classification.oop.ClassificationExperiment object at 0x0000011062B31960>, estimator=Pipeline(memory=FastMemory(location=/tmp/joblib),
         steps=[('numerical_imputer',
                 TransformerWrapper(include=['domain_att', 'URL_Length',
                                             'URL_Depth'],
                                    transformer=SimpleImputer())),
                ('categorical_imputer',
                 TransformerWrapper(include=[],
                                    transformer=SimpleImputer(strategy='most_frequent'))),
                ('transformation',
                 TransformerWrapper(transformer=PowerTransformer(standardize=False))),
                ('normalize', TransformerWrapper(transformer=StandardScaler())),
                ('clean_column_names',
                 TransformerWrapper(transformer=CleanColumnNames())),
                ('trained_model', LGBMClassifier(n_jobs=-1, random_state=321))]), probability_threshold=None, encoded_labels=False, raw_score=False, round=4, verbose=True, ml_usecase=None, preprocess=True, encode_labels=<function _SupervisedExperiment.predict_model.<locals>.encode_labels at 0x0000011062B39D80>)
2026-07-01 20:32:19,997:INFO:Checking exceptions
2026-07-01 20:32:19,997:INFO:Preloading libraries
2026-07-01 20:32:19,998:INFO:Set up data.
2026-07-01 20:32:20,000:INFO:Set up index.
2026-07-01 20:32:29,335:WARNING:C:\Users\asus\Downloads\python-phishing-url-detection-master\python-phishing-url-detection-master\venv\lib\site-packages\sklearn\base.py:376: InconsistentVersionWarning: Trying to unpickle estimator PCA from version 1.2.2 when using version 1.4.2. This might lead to breaking code or invalid results. Use at your own risk. For more info please refer to:
https://scikit-learn.org/stable/model_persistence.html#security-maintainability-limitations
  warnings.warn(

2026-07-01 20:32:29,341:INFO:Initializing predict_model()
2026-07-01 20:32:29,341:INFO:predict_model(self=<pycaret.classification.oop.ClassificationExperiment object at 0x0000011062C260E0>, estimator=Pipeline(memory=FastMemory(location=/tmp/joblib),
         steps=[('numerical_imputer',
                 TransformerWrapper(include=['domain_att', 'URL_Length',
                                             'URL_Depth'],
                                    transformer=SimpleImputer())),
                ('categorical_imputer',
                 TransformerWrapper(include=[],
                                    transformer=SimpleImputer(strategy='most_frequent'))),
                ('transformation',
                 TransformerWrapper(transformer=PowerTransformer(standardize=False))),
                ('normalize', TransformerWrapper(transformer=StandardScaler())),
                ('clean_column_names',
                 TransformerWrapper(transformer=CleanColumnNames())),
                ('trained_model', LGBMClassifier(n_jobs=-1, random_state=321))]), probability_threshold=None, encoded_labels=False, raw_score=False, round=4, verbose=True, ml_usecase=None, preprocess=True, encode_labels=<function _SupervisedExperiment.predict_model.<locals>.encode_labels at 0x0000011062B3A680>)
2026-07-01 20:32:29,341:INFO:Checking exceptions
2026-07-01 20:32:29,341:INFO:Preloading libraries
2026-07-01 20:32:29,342:INFO:Set up data.
2026-07-01 20:32:29,345:INFO:Set up index.
2026-07-01 20:32:34,488:WARNING:C:\Users\asus\Downloads\python-phishing-url-detection-master\python-phishing-url-detection-master\venv\lib\site-packages\sklearn\base.py:376: InconsistentVersionWarning: Trying to unpickle estimator PCA from version 1.2.2 when using version 1.4.2. This might lead to breaking code or invalid results. Use at your own risk. For more info please refer to:
https://scikit-learn.org/stable/model_persistence.html#security-maintainability-limitations
  warnings.warn(

2026-07-01 20:32:34,494:INFO:Initializing predict_model()
2026-07-01 20:32:34,495:INFO:predict_model(self=<pycaret.classification.oop.ClassificationExperiment object at 0x0000011062C24D30>, estimator=Pipeline(memory=FastMemory(location=/tmp/joblib),
         steps=[('numerical_imputer',
                 TransformerWrapper(include=['domain_att', 'URL_Length',
                                             'URL_Depth'],
                                    transformer=SimpleImputer())),
                ('categorical_imputer',
                 TransformerWrapper(include=[],
                                    transformer=SimpleImputer(strategy='most_frequent'))),
                ('transformation',
                 TransformerWrapper(transformer=PowerTransformer(standardize=False))),
                ('normalize', TransformerWrapper(transformer=StandardScaler())),
                ('clean_column_names',
                 TransformerWrapper(transformer=CleanColumnNames())),
                ('trained_model', LGBMClassifier(n_jobs=-1, random_state=321))]), probability_threshold=None, encoded_labels=False, raw_score=False, round=4, verbose=True, ml_usecase=None, preprocess=True, encode_labels=<function _SupervisedExperiment.predict_model.<locals>.encode_labels at 0x0000011062B39F30>)
2026-07-01 20:32:34,495:INFO:Checking exceptions
2026-07-01 20:32:34,495:INFO:Preloading libraries
2026-07-01 20:32:34,495:INFO:Set up data.
2026-07-01 20:32:34,498:INFO:Set up index.
2026-07-01 20:32:38,707:WARNING:C:\Users\asus\Downloads\python-phishing-url-detection-master\python-phishing-url-detection-master\venv\lib\site-packages\sklearn\base.py:376: InconsistentVersionWarning: Trying to unpickle estimator PCA from version 1.2.2 when using version 1.4.2. This might lead to breaking code or invalid results. Use at your own risk. For more info please refer to:
https://scikit-learn.org/stable/model_persistence.html#security-maintainability-limitations
  warnings.warn(

2026-07-01 20:32:38,714:INFO:Initializing predict_model()
2026-07-01 20:32:38,714:INFO:predict_model(self=<pycaret.classification.oop.ClassificationExperiment object at 0x0000011062C24100>, estimator=Pipeline(memory=FastMemory(location=/tmp/joblib),
         steps=[('numerical_imputer',
                 TransformerWrapper(include=['domain_att', 'URL_Length',
                                             'URL_Depth'],
                                    transformer=SimpleImputer())),
                ('categorical_imputer',
                 TransformerWrapper(include=[],
                                    transformer=SimpleImputer(strategy='most_frequent'))),
                ('transformation',
                 TransformerWrapper(transformer=PowerTransformer(standardize=False))),
                ('normalize', TransformerWrapper(transformer=StandardScaler())),
                ('clean_column_names',
                 TransformerWrapper(transformer=CleanColumnNames())),
                ('trained_model', LGBMClassifier(n_jobs=-1, random_state=321))]), probability_threshold=None, encoded_labels=False, raw_score=False, round=4, verbose=True, ml_usecase=None, preprocess=True, encode_labels=<function _SupervisedExperiment.predict_model.<locals>.encode_labels at 0x0000011062B39B40>)
2026-07-01 20:32:38,714:INFO:Checking exceptions
2026-07-01 20:32:38,714:INFO:Preloading libraries
2026-07-01 20:32:38,714:INFO:Set up data.
2026-07-01 20:32:38,717:INFO:Set up index.
2026-07-01 20:32:49,532:WARNING:C:\Users\asus\Downloads\python-phishing-url-detection-master\python-phishing-url-detection-master\venv\lib\site-packages\sklearn\base.py:376: InconsistentVersionWarning: Trying to unpickle estimator PCA from version 1.2.2 when using version 1.4.2. This might lead to breaking code or invalid results. Use at your own risk. For more info please refer to:
https://scikit-learn.org/stable/model_persistence.html#security-maintainability-limitations
  warnings.warn(

2026-07-01 20:32:49,539:INFO:Initializing predict_model()
2026-07-01 20:32:49,539:INFO:predict_model(self=<pycaret.classification.oop.ClassificationExperiment object at 0x0000011062C27E20>, estimator=Pipeline(memory=FastMemory(location=/tmp/joblib),
         steps=[('numerical_imputer',
                 TransformerWrapper(include=['domain_att', 'URL_Length',
                                             'URL_Depth'],
                                    transformer=SimpleImputer())),
                ('categorical_imputer',
                 TransformerWrapper(include=[],
                                    transformer=SimpleImputer(strategy='most_frequent'))),
                ('transformation',
                 TransformerWrapper(transformer=PowerTransformer(standardize=False))),
                ('normalize', TransformerWrapper(transformer=StandardScaler())),
                ('clean_column_names',
                 TransformerWrapper(transformer=CleanColumnNames())),
                ('trained_model', LGBMClassifier(n_jobs=-1, random_state=321))]), probability_threshold=None, encoded_labels=False, raw_score=False, round=4, verbose=True, ml_usecase=None, preprocess=True, encode_labels=<function _SupervisedExperiment.predict_model.<locals>.encode_labels at 0x0000011062B3B0A0>)
2026-07-01 20:32:49,539:INFO:Checking exceptions
2026-07-01 20:32:49,539:INFO:Preloading libraries
2026-07-01 20:32:49,539:INFO:Set up data.
2026-07-01 20:32:49,542:INFO:Set up index.
2026-07-01 20:32:54,906:WARNING:C:\Users\asus\Downloads\python-phishing-url-detection-master\python-phishing-url-detection-master\venv\lib\site-packages\sklearn\base.py:376: InconsistentVersionWarning: Trying to unpickle estimator PCA from version 1.2.2 when using version 1.4.2. This might lead to breaking code or invalid results. Use at your own risk. For more info please refer to:
https://scikit-learn.org/stable/model_persistence.html#security-maintainability-limitations
  warnings.warn(

2026-07-01 20:32:54,912:INFO:Initializing predict_model()
2026-07-01 20:32:54,912:INFO:predict_model(self=<pycaret.classification.oop.ClassificationExperiment object at 0x0000011062C24F70>, estimator=Pipeline(memory=FastMemory(location=/tmp/joblib),
         steps=[('numerical_imputer',
                 TransformerWrapper(include=['domain_att', 'URL_Length',
                                             'URL_Depth'],
                                    transformer=SimpleImputer())),
                ('categorical_imputer',
                 TransformerWrapper(include=[],
                                    transformer=SimpleImputer(strategy='most_frequent'))),
                ('transformation',
                 TransformerWrapper(transformer=PowerTransformer(standardize=False))),
                ('normalize', TransformerWrapper(transformer=StandardScaler())),
                ('clean_column_names',
                 TransformerWrapper(transformer=CleanColumnNames())),
                ('trained_model', LGBMClassifier(n_jobs=-1, random_state=321))]), probability_threshold=None, encoded_labels=False, raw_score=False, round=4, verbose=True, ml_usecase=None, preprocess=True, encode_labels=<function _SupervisedExperiment.predict_model.<locals>.encode_labels at 0x0000011062B39CF0>)
2026-07-01 20:32:54,912:INFO:Checking exceptions
2026-07-01 20:32:54,912:INFO:Preloading libraries
2026-07-01 20:32:54,913:INFO:Set up data.
2026-07-01 20:32:54,915:INFO:Set up index.
2026-07-01 20:34:00,620:WARNING:
'cuml' is a soft dependency and not included in the pycaret installation. Please run: `pip install cuml` to install.
2026-07-01 20:34:00,620:WARNING:
'cuml' is a soft dependency and not included in the pycaret installation. Please run: `pip install cuml` to install.
2026-07-01 20:34:00,620:WARNING:
'cuml' is a soft dependency and not included in the pycaret installation. Please run: `pip install cuml` to install.
2026-07-01 20:34:00,620:WARNING:
'cuml' is a soft dependency and not included in the pycaret installation. Please run: `pip install cuml` to install.
2026-07-01 20:34:01,766:INFO:Initializing load_model()
2026-07-01 20:34:01,766:INFO:load_model(model_name=model/phishingdetection, platform=None, authentication=None, verbose=True)
2026-07-01 20:34:01,769:WARNING:C:\Users\asus\Downloads\python-phishing-url-detection-master\python-phishing-url-detection-master\venv\lib\site-packages\sklearn\base.py:376: InconsistentVersionWarning: Trying to unpickle estimator SimpleImputer from version 1.2.2 when using version 1.4.2. This might lead to breaking code or invalid results. Use at your own risk. For more info please refer to:
https://scikit-learn.org/stable/model_persistence.html#security-maintainability-limitations
  warnings.warn(

2026-07-01 20:34:01,770:WARNING:C:\Users\asus\Downloads\python-phishing-url-detection-master\python-phishing-url-detection-master\venv\lib\site-packages\sklearn\base.py:376: InconsistentVersionWarning: Trying to unpickle estimator PowerTransformer from version 1.2.2 when using version 1.4.2. This might lead to breaking code or invalid results. Use at your own risk. For more info please refer to:
https://scikit-learn.org/stable/model_persistence.html#security-maintainability-limitations
  warnings.warn(

2026-07-01 20:34:01,770:WARNING:C:\Users\asus\Downloads\python-phishing-url-detection-master\python-phishing-url-detection-master\venv\lib\site-packages\sklearn\base.py:376: InconsistentVersionWarning: Trying to unpickle estimator StandardScaler from version 1.2.2 when using version 1.4.2. This might lead to breaking code or invalid results. Use at your own risk. For more info please refer to:
https://scikit-learn.org/stable/model_persistence.html#security-maintainability-limitations
  warnings.warn(

2026-07-01 20:34:01,796:WARNING:C:\Users\asus\Downloads\python-phishing-url-detection-master\python-phishing-url-detection-master\venv\lib\site-packages\sklearn\base.py:376: InconsistentVersionWarning: Trying to unpickle estimator LabelEncoder from version 1.2.2 when using version 1.4.2. This might lead to breaking code or invalid results. Use at your own risk. For more info please refer to:
https://scikit-learn.org/stable/model_persistence.html#security-maintainability-limitations
  warnings.warn(

2026-07-01 20:34:01,798:WARNING:C:\Users\asus\Downloads\python-phishing-url-detection-master\python-phishing-url-detection-master\venv\lib\site-packages\_distutils_hack\__init__.py:30: UserWarning: Setuptools is replacing distutils. Support for replacing an already imported distutils is deprecated. In the future, this condition will fail. Register concerns at https://github.com/pypa/setuptools/issues/new?template=distutils-deprecation.yml
  warnings.warn(

2026-07-01 20:34:01,803:WARNING:C:\Users\asus\Downloads\python-phishing-url-detection-master\python-phishing-url-detection-master\venv\lib\site-packages\pycaret\internal\pipeline.py:146: UserWarning: Version mismatch:
current: {'deps_info': {'pip': '26.1.2', 'setuptools': '82.0.1', 'pycaret': '3.3.1', 'IPython': '8.23.0', 'ipywidgets': '8.1.2', 'tqdm': '4.66.2', 'numpy': '1.26.4', 'pandas': '2.1.4', 'jinja2': '3.1.3', 'scipy': '1.11.4', 'joblib': '1.3.2', 'sklearn': '1.4.2', 'pyod': '1.1.3', 'imblearn': '0.12.2', 'category_encoders': '2.6.3', 'lightgbm': '4.3.0', 'numba': '0.59.1', 'requests': '2.31.0', 'matplotlib': '3.7.5', 'scikitplot': '0.3.7', 'yellowbrick': '1.5', 'plotly': '5.21.0', 'plotly-resampler': 'Not installed', 'kaleido': '0.2.1', 'schemdraw': '0.15', 'statsmodels': '0.14.2', 'sktime': '0.26.0', 'tbats': '1.1.3', 'pmdarima': '2.0.4', 'psutil': '5.9.8', 'markupsafe': '2.1.5', 'pickle5': 'Not installed', 'cloudpickle': '3.0.0', 'deprecation': '2.1.0', 'xxhash': '3.4.1', 'wurlitzer': 'Not installed'}, 'python': {'version': '3.10.11', 'machine': 'AMD64'}}
pickle: {'deps_info': {'pip': '23.1.2', 'setuptools': '67.7.2', 'pycaret': '3.0.4', 'IPython': '7.34.0', 'ipywidgets': '7.7.1', 'tqdm': '4.66.1', 'numpy': '1.23.5', 'pandas': '1.5.3', 'jinja2': '3.1.2', 'scipy': '1.10.1', 'joblib': '1.3.2', 'sklearn': '1.2.2', 'pyod': '1.1.0', 'imblearn': '0.10.1', 'category_encoders': '2.6.2', 'lightgbm': '4.0.0', 'numba': '0.56.4', 'requests': '2.31.0', 'matplotlib': '3.7.1', 'scikitplot': '0.3.7', 'yellowbrick': '1.5', 'plotly': '5.15.0', 'plotly-resampler': 'Not installed', 'kaleido': '0.2.1', 'schemdraw': '0.15', 'statsmodels': '0.14.0', 'sktime': '0.22.0', 'tbats': '1.1.3', 'pmdarima': '2.0.3', 'psutil': '5.9.5', 'markupsafe': '2.1.3', 'pickle5': 'Not installed', 'cloudpickle': '2.2.1', 'deprecation': '2.1.0', 'xxhash': '3.3.0', 'wurlitzer': '3.0.3'}, 'python': {'version': '3.10.12', 'machine': 'x86_64'}}
  warnings.warn(

2026-07-01 20:34:04,060:WARNING:
'cuml' is a soft dependency and not included in the pycaret installation. Please run: `pip install cuml` to install.
2026-07-01 20:34:04,061:WARNING:
'cuml' is a soft dependency and not included in the pycaret installation. Please run: `pip install cuml` to install.
2026-07-01 20:34:04,061:WARNING:
'cuml' is a soft dependency and not included in the pycaret installation. Please run: `pip install cuml` to install.
2026-07-01 20:34:04,061:WARNING:
'cuml' is a soft dependency and not included in the pycaret installation. Please run: `pip install cuml` to install.
2026-07-01 20:34:04,942:INFO:Initializing load_model()
2026-07-01 20:34:04,943:INFO:load_model(model_name=model/phishingdetection, platform=None, authentication=None, verbose=True)
2026-07-01 20:34:04,945:WARNING:C:\Users\asus\Downloads\python-phishing-url-detection-master\python-phishing-url-detection-master\venv\lib\site-packages\sklearn\base.py:376: InconsistentVersionWarning: Trying to unpickle estimator SimpleImputer from version 1.2.2 when using version 1.4.2. This might lead to breaking code or invalid results. Use at your own risk. For more info please refer to:
https://scikit-learn.org/stable/model_persistence.html#security-maintainability-limitations
  warnings.warn(

2026-07-01 20:34:04,946:WARNING:C:\Users\asus\Downloads\python-phishing-url-detection-master\python-phishing-url-detection-master\venv\lib\site-packages\sklearn\base.py:376: InconsistentVersionWarning: Trying to unpickle estimator PowerTransformer from version 1.2.2 when using version 1.4.2. This might lead to breaking code or invalid results. Use at your own risk. For more info please refer to:
https://scikit-learn.org/stable/model_persistence.html#security-maintainability-limitations
  warnings.warn(

2026-07-01 20:34:04,946:WARNING:C:\Users\asus\Downloads\python-phishing-url-detection-master\python-phishing-url-detection-master\venv\lib\site-packages\sklearn\base.py:376: InconsistentVersionWarning: Trying to unpickle estimator StandardScaler from version 1.2.2 when using version 1.4.2. This might lead to breaking code or invalid results. Use at your own risk. For more info please refer to:
https://scikit-learn.org/stable/model_persistence.html#security-maintainability-limitations
  warnings.warn(

2026-07-01 20:34:04,979:WARNING:C:\Users\asus\Downloads\python-phishing-url-detection-master\python-phishing-url-detection-master\venv\lib\site-packages\sklearn\base.py:376: InconsistentVersionWarning: Trying to unpickle estimator LabelEncoder from version 1.2.2 when using version 1.4.2. This might lead to breaking code or invalid results. Use at your own risk. For more info please refer to:
https://scikit-learn.org/stable/model_persistence.html#security-maintainability-limitations
  warnings.warn(

2026-07-01 20:34:04,980:WARNING:C:\Users\asus\Downloads\python-phishing-url-detection-master\python-phishing-url-detection-master\venv\lib\site-packages\_distutils_hack\__init__.py:30: UserWarning: Setuptools is replacing distutils. Support for replacing an already imported distutils is deprecated. In the future, this condition will fail. Register concerns at https://github.com/pypa/setuptools/issues/new?template=distutils-deprecation.yml
  warnings.warn(

2026-07-01 20:34:04,986:WARNING:C:\Users\asus\Downloads\python-phishing-url-detection-master\python-phishing-url-detection-master\venv\lib\site-packages\pycaret\internal\pipeline.py:146: UserWarning: Version mismatch:
current: {'deps_info': {'pip': '26.1.2', 'setuptools': '82.0.1', 'pycaret': '3.3.1', 'IPython': '8.23.0', 'ipywidgets': '8.1.2', 'tqdm': '4.66.2', 'numpy': '1.26.4', 'pandas': '2.1.4', 'jinja2': '3.1.3', 'scipy': '1.11.4', 'joblib': '1.3.2', 'sklearn': '1.4.2', 'pyod': '1.1.3', 'imblearn': '0.12.2', 'category_encoders': '2.6.3', 'lightgbm': '4.3.0', 'numba': '0.59.1', 'requests': '2.31.0', 'matplotlib': '3.7.5', 'scikitplot': '0.3.7', 'yellowbrick': '1.5', 'plotly': '5.21.0', 'plotly-resampler': 'Not installed', 'kaleido': '0.2.1', 'schemdraw': '0.15', 'statsmodels': '0.14.2', 'sktime': '0.26.0', 'tbats': '1.1.3', 'pmdarima': '2.0.4', 'psutil': '5.9.8', 'markupsafe': '2.1.5', 'pickle5': 'Not installed', 'cloudpickle': '3.0.0', 'deprecation': '2.1.0', 'xxhash': '3.4.1', 'wurlitzer': 'Not installed'}, 'python': {'version': '3.10.11', 'machine': 'AMD64'}}
pickle: {'deps_info': {'pip': '23.1.2', 'setuptools': '67.7.2', 'pycaret': '3.0.4', 'IPython': '7.34.0', 'ipywidgets': '7.7.1', 'tqdm': '4.66.1', 'numpy': '1.23.5', 'pandas': '1.5.3', 'jinja2': '3.1.2', 'scipy': '1.10.1', 'joblib': '1.3.2', 'sklearn': '1.2.2', 'pyod': '1.1.0', 'imblearn': '0.10.1', 'category_encoders': '2.6.2', 'lightgbm': '4.0.0', 'numba': '0.56.4', 'requests': '2.31.0', 'matplotlib': '3.7.1', 'scikitplot': '0.3.7', 'yellowbrick': '1.5', 'plotly': '5.15.0', 'plotly-resampler': 'Not installed', 'kaleido': '0.2.1', 'schemdraw': '0.15', 'statsmodels': '0.14.0', 'sktime': '0.22.0', 'tbats': '1.1.3', 'pmdarima': '2.0.3', 'psutil': '5.9.5', 'markupsafe': '2.1.3', 'pickle5': 'Not installed', 'cloudpickle': '2.2.1', 'deprecation': '2.1.0', 'xxhash': '3.3.0', 'wurlitzer': '3.0.3'}, 'python': {'version': '3.10.12', 'machine': 'x86_64'}}
  warnings.warn(

2026-07-01 20:34:43,224:WARNING:C:\Users\asus\Downloads\python-phishing-url-detection-master\python-phishing-url-detection-master\venv\lib\site-packages\sklearn\base.py:376: InconsistentVersionWarning: Trying to unpickle estimator PCA from version 1.2.2 when using version 1.4.2. This might lead to breaking code or invalid results. Use at your own risk. For more info please refer to:
https://scikit-learn.org/stable/model_persistence.html#security-maintainability-limitations
  warnings.warn(

2026-07-01 20:34:43,232:INFO:Initializing predict_model()
2026-07-01 20:34:43,233:INFO:predict_model(self=<pycaret.classification.oop.ClassificationExperiment object at 0x000002792006DB10>, estimator=Pipeline(memory=FastMemory(location=/tmp/joblib),
         steps=[('numerical_imputer',
                 TransformerWrapper(include=['domain_att', 'URL_Length',
                                             'URL_Depth'],
                                    transformer=SimpleImputer())),
                ('categorical_imputer',
                 TransformerWrapper(include=[],
                                    transformer=SimpleImputer(strategy='most_frequent'))),
                ('transformation',
                 TransformerWrapper(transformer=PowerTransformer(standardize=False))),
                ('normalize', TransformerWrapper(transformer=StandardScaler())),
                ('clean_column_names',
                 TransformerWrapper(transformer=CleanColumnNames())),
                ('trained_model', LGBMClassifier(n_jobs=-1, random_state=321))]), probability_threshold=None, encoded_labels=False, raw_score=False, round=4, verbose=True, ml_usecase=None, preprocess=True, encode_labels=<function _SupervisedExperiment.predict_model.<locals>.encode_labels at 0x0000027920039A20>)
2026-07-01 20:34:43,233:INFO:Checking exceptions
2026-07-01 20:34:43,233:INFO:Preloading libraries
2026-07-01 20:34:43,233:INFO:Set up data.
2026-07-01 20:34:43,236:INFO:Set up index.
2026-07-01 20:34:51,056:WARNING:C:\Users\asus\Downloads\python-phishing-url-detection-master\python-phishing-url-detection-master\venv\lib\site-packages\sklearn\base.py:376: InconsistentVersionWarning: Trying to unpickle estimator PCA from version 1.2.2 when using version 1.4.2. This might lead to breaking code or invalid results. Use at your own risk. For more info please refer to:
https://scikit-learn.org/stable/model_persistence.html#security-maintainability-limitations
  warnings.warn(

2026-07-01 20:34:51,064:INFO:Initializing predict_model()
2026-07-01 20:34:51,064:INFO:predict_model(self=<pycaret.classification.oop.ClassificationExperiment object at 0x000002792006EA70>, estimator=Pipeline(memory=FastMemory(location=/tmp/joblib),
         steps=[('numerical_imputer',
                 TransformerWrapper(include=['domain_att', 'URL_Length',
                                             'URL_Depth'],
                                    transformer=SimpleImputer())),
                ('categorical_imputer',
                 TransformerWrapper(include=[],
                                    transformer=SimpleImputer(strategy='most_frequent'))),
                ('transformation',
                 TransformerWrapper(transformer=PowerTransformer(standardize=False))),
                ('normalize', TransformerWrapper(transformer=StandardScaler())),
                ('clean_column_names',
                 TransformerWrapper(transformer=CleanColumnNames())),
                ('trained_model', LGBMClassifier(n_jobs=-1, random_state=321))]), probability_threshold=None, encoded_labels=False, raw_score=False, round=4, verbose=True, ml_usecase=None, preprocess=True, encode_labels=<function _SupervisedExperiment.predict_model.<locals>.encode_labels at 0x0000027920039C60>)
2026-07-01 20:34:51,065:INFO:Checking exceptions
2026-07-01 20:34:51,065:INFO:Preloading libraries
2026-07-01 20:34:51,065:INFO:Set up data.
2026-07-01 20:34:51,068:INFO:Set up index.
2026-07-01 20:34:59,470:WARNING:C:\Users\asus\Downloads\python-phishing-url-detection-master\python-phishing-url-detection-master\venv\lib\site-packages\sklearn\base.py:376: InconsistentVersionWarning: Trying to unpickle estimator PCA from version 1.2.2 when using version 1.4.2. This might lead to breaking code or invalid results. Use at your own risk. For more info please refer to:
https://scikit-learn.org/stable/model_persistence.html#security-maintainability-limitations
  warnings.warn(

2026-07-01 20:34:59,476:INFO:Initializing predict_model()
2026-07-01 20:34:59,476:INFO:predict_model(self=<pycaret.classification.oop.ClassificationExperiment object at 0x000002792006EB00>, estimator=Pipeline(memory=FastMemory(location=/tmp/joblib),
         steps=[('numerical_imputer',
                 TransformerWrapper(include=['domain_att', 'URL_Length',
                                             'URL_Depth'],
                                    transformer=SimpleImputer())),
                ('categorical_imputer',
                 TransformerWrapper(include=[],
                                    transformer=SimpleImputer(strategy='most_frequent'))),
                ('transformation',
                 TransformerWrapper(transformer=PowerTransformer(standardize=False))),
                ('normalize', TransformerWrapper(transformer=StandardScaler())),
                ('clean_column_names',
                 TransformerWrapper(transformer=CleanColumnNames())),
                ('trained_model', LGBMClassifier(n_jobs=-1, random_state=321))]), probability_threshold=None, encoded_labels=False, raw_score=False, round=4, verbose=True, ml_usecase=None, preprocess=True, encode_labels=<function _SupervisedExperiment.predict_model.<locals>.encode_labels at 0x000002792003A320>)
2026-07-01 20:34:59,476:INFO:Checking exceptions
2026-07-01 20:34:59,476:INFO:Preloading libraries
2026-07-01 20:34:59,477:INFO:Set up data.
2026-07-01 20:34:59,479:INFO:Set up index.
2026-07-01 20:35:07,104:WARNING:C:\Users\asus\Downloads\python-phishing-url-detection-master\python-phishing-url-detection-master\venv\lib\site-packages\sklearn\base.py:376: InconsistentVersionWarning: Trying to unpickle estimator PCA from version 1.2.2 when using version 1.4.2. This might lead to breaking code or invalid results. Use at your own risk. For more info please refer to:
https://scikit-learn.org/stable/model_persistence.html#security-maintainability-limitations
  warnings.warn(

2026-07-01 20:35:07,113:INFO:Initializing predict_model()
2026-07-01 20:35:07,113:INFO:predict_model(self=<pycaret.classification.oop.ClassificationExperiment object at 0x000002792006DB70>, estimator=Pipeline(memory=FastMemory(location=/tmp/joblib),
         steps=[('numerical_imputer',
                 TransformerWrapper(include=['domain_att', 'URL_Length',
                                             'URL_Depth'],
                                    transformer=SimpleImputer())),
                ('categorical_imputer',
                 TransformerWrapper(include=[],
                                    transformer=SimpleImputer(strategy='most_frequent'))),
                ('transformation',
                 TransformerWrapper(transformer=PowerTransformer(standardize=False))),
                ('normalize', TransformerWrapper(transformer=StandardScaler())),
                ('clean_column_names',
                 TransformerWrapper(transformer=CleanColumnNames())),
                ('trained_model', LGBMClassifier(n_jobs=-1, random_state=321))]), probability_threshold=None, encoded_labels=False, raw_score=False, round=4, verbose=True, ml_usecase=None, preprocess=True, encode_labels=<function _SupervisedExperiment.predict_model.<locals>.encode_labels at 0x000002792003A950>)
2026-07-01 20:35:07,113:INFO:Checking exceptions
2026-07-01 20:35:07,113:INFO:Preloading libraries
2026-07-01 20:35:07,114:INFO:Set up data.
2026-07-01 20:35:07,117:INFO:Set up index.
2026-07-01 20:35:14,910:WARNING:C:\Users\asus\Downloads\python-phishing-url-detection-master\python-phishing-url-detection-master\venv\lib\site-packages\sklearn\base.py:376: InconsistentVersionWarning: Trying to unpickle estimator PCA from version 1.2.2 when using version 1.4.2. This might lead to breaking code or invalid results. Use at your own risk. For more info please refer to:
https://scikit-learn.org/stable/model_persistence.html#security-maintainability-limitations
  warnings.warn(

2026-07-01 20:35:14,917:INFO:Initializing predict_model()
2026-07-01 20:35:14,917:INFO:predict_model(self=<pycaret.classification.oop.ClassificationExperiment object at 0x000002791DC64D60>, estimator=Pipeline(memory=FastMemory(location=/tmp/joblib),
         steps=[('numerical_imputer',
                 TransformerWrapper(include=['domain_att', 'URL_Length',
                                             'URL_Depth'],
                                    transformer=SimpleImputer())),
                ('categorical_imputer',
                 TransformerWrapper(include=[],
                                    transformer=SimpleImputer(strategy='most_frequent'))),
                ('transformation',
                 TransformerWrapper(transformer=PowerTransformer(standardize=False))),
                ('normalize', TransformerWrapper(transformer=StandardScaler())),
                ('clean_column_names',
                 TransformerWrapper(transformer=CleanColumnNames())),
                ('trained_model', LGBMClassifier(n_jobs=-1, random_state=321))]), probability_threshold=None, encoded_labels=False, raw_score=False, round=4, verbose=True, ml_usecase=None, preprocess=True, encode_labels=<function _SupervisedExperiment.predict_model.<locals>.encode_labels at 0x000002792003A170>)
2026-07-01 20:35:14,919:INFO:Checking exceptions
2026-07-01 20:35:14,919:INFO:Preloading libraries
2026-07-01 20:35:14,919:INFO:Set up data.
2026-07-01 20:35:14,921:INFO:Set up index.
2026-07-01 20:39:53,851:WARNING:C:\Users\asus\Downloads\python-phishing-url-detection-master\python-phishing-url-detection-master\venv\lib\site-packages\sklearn\base.py:376: InconsistentVersionWarning: Trying to unpickle estimator PCA from version 1.2.2 when using version 1.4.2. This might lead to breaking code or invalid results. Use at your own risk. For more info please refer to:
https://scikit-learn.org/stable/model_persistence.html#security-maintainability-limitations
  warnings.warn(

2026-07-01 20:39:53,858:INFO:Initializing predict_model()
2026-07-01 20:39:53,858:INFO:predict_model(self=<pycaret.classification.oop.ClassificationExperiment object at 0x000002792006E260>, estimator=Pipeline(memory=FastMemory(location=/tmp/joblib),
         steps=[('numerical_imputer',
                 TransformerWrapper(include=['domain_att', 'URL_Length',
                                             'URL_Depth'],
                                    transformer=SimpleImputer())),
                ('categorical_imputer',
                 TransformerWrapper(include=[],
                                    transformer=SimpleImputer(strategy='most_frequent'))),
                ('transformation',
                 TransformerWrapper(transformer=PowerTransformer(standardize=False))),
                ('normalize', TransformerWrapper(transformer=StandardScaler())),
                ('clean_column_names',
                 TransformerWrapper(transformer=CleanColumnNames())),
                ('trained_model', LGBMClassifier(n_jobs=-1, random_state=321))]), probability_threshold=None, encoded_labels=False, raw_score=False, round=4, verbose=True, ml_usecase=None, preprocess=True, encode_labels=<function _SupervisedExperiment.predict_model.<locals>.encode_labels at 0x0000027920039CF0>)
2026-07-01 20:39:53,858:INFO:Checking exceptions
2026-07-01 20:39:53,858:INFO:Preloading libraries
2026-07-01 20:39:53,858:INFO:Set up data.
2026-07-01 20:39:53,860:INFO:Set up index.
2026-07-01 20:39:57,572:WARNING:C:\Users\asus\Downloads\python-phishing-url-detection-master\python-phishing-url-detection-master\venv\lib\site-packages\sklearn\base.py:376: InconsistentVersionWarning: Trying to unpickle estimator PCA from version 1.2.2 when using version 1.4.2. This might lead to breaking code or invalid results. Use at your own risk. For more info please refer to:
https://scikit-learn.org/stable/model_persistence.html#security-maintainability-limitations
  warnings.warn(

2026-07-01 20:39:57,579:INFO:Initializing predict_model()
2026-07-01 20:39:57,579:INFO:predict_model(self=<pycaret.classification.oop.ClassificationExperiment object at 0x000002792006EBF0>, estimator=Pipeline(memory=FastMemory(location=/tmp/joblib),
         steps=[('numerical_imputer',
                 TransformerWrapper(include=['domain_att', 'URL_Length',
                                             'URL_Depth'],
                                    transformer=SimpleImputer())),
                ('categorical_imputer',
                 TransformerWrapper(include=[],
                                    transformer=SimpleImputer(strategy='most_frequent'))),
                ('transformation',
                 TransformerWrapper(transformer=PowerTransformer(standardize=False))),
                ('normalize', TransformerWrapper(transformer=StandardScaler())),
                ('clean_column_names',
                 TransformerWrapper(transformer=CleanColumnNames())),
                ('trained_model', LGBMClassifier(n_jobs=-1, random_state=321))]), probability_threshold=None, encoded_labels=False, raw_score=False, round=4, verbose=True, ml_usecase=None, preprocess=True, encode_labels=<function _SupervisedExperiment.predict_model.<locals>.encode_labels at 0x000002792003A320>)
2026-07-01 20:39:57,579:INFO:Checking exceptions
2026-07-01 20:39:57,579:INFO:Preloading libraries
2026-07-01 20:39:57,579:INFO:Set up data.
2026-07-01 20:39:57,581:INFO:Set up index.
2026-07-01 20:42:47,085:WARNING:C:\Users\asus\Downloads\python-phishing-url-detection-master\python-phishing-url-detection-master\venv\lib\site-packages\sklearn\base.py:376: InconsistentVersionWarning: Trying to unpickle estimator PCA from version 1.2.2 when using version 1.4.2. This might lead to breaking code or invalid results. Use at your own risk. For more info please refer to:
https://scikit-learn.org/stable/model_persistence.html#security-maintainability-limitations
  warnings.warn(

2026-07-01 20:42:47,091:INFO:Initializing predict_model()
2026-07-01 20:42:47,091:INFO:predict_model(self=<pycaret.classification.oop.ClassificationExperiment object at 0x000002792006DEA0>, estimator=Pipeline(memory=FastMemory(location=/tmp/joblib),
         steps=[('numerical_imputer',
                 TransformerWrapper(include=['domain_att', 'URL_Length',
                                             'URL_Depth'],
                                    transformer=SimpleImputer())),
                ('categorical_imputer',
                 TransformerWrapper(include=[],
                                    transformer=SimpleImputer(strategy='most_frequent'))),
                ('transformation',
                 TransformerWrapper(transformer=PowerTransformer(standardize=False))),
                ('normalize', TransformerWrapper(transformer=StandardScaler())),
                ('clean_column_names',
                 TransformerWrapper(transformer=CleanColumnNames())),
                ('trained_model', LGBMClassifier(n_jobs=-1, random_state=321))]), probability_threshold=None, encoded_labels=False, raw_score=False, round=4, verbose=True, ml_usecase=None, preprocess=True, encode_labels=<function _SupervisedExperiment.predict_model.<locals>.encode_labels at 0x0000027920039EA0>)
2026-07-01 20:42:47,091:INFO:Checking exceptions
2026-07-01 20:42:47,091:INFO:Preloading libraries
2026-07-01 20:42:47,091:INFO:Set up data.
2026-07-01 20:42:47,093:INFO:Set up index.
2026-07-01 20:43:03,534:WARNING:
'cuml' is a soft dependency and not included in the pycaret installation. Please run: `pip install cuml` to install.
2026-07-01 20:43:03,534:WARNING:
'cuml' is a soft dependency and not included in the pycaret installation. Please run: `pip install cuml` to install.
2026-07-01 20:43:03,534:WARNING:
'cuml' is a soft dependency and not included in the pycaret installation. Please run: `pip install cuml` to install.
2026-07-01 20:43:03,534:WARNING:
'cuml' is a soft dependency and not included in the pycaret installation. Please run: `pip install cuml` to install.
2026-07-01 20:43:04,286:INFO:Initializing load_model()
2026-07-01 20:43:04,286:INFO:load_model(model_name=model/phishingdetection, platform=None, authentication=None, verbose=True)
2026-07-01 20:43:04,288:WARNING:C:\Users\asus\Downloads\python-phishing-url-detection-master\python-phishing-url-detection-master\venv\lib\site-packages\sklearn\base.py:376: InconsistentVersionWarning: Trying to unpickle estimator SimpleImputer from version 1.2.2 when using version 1.4.2. This might lead to breaking code or invalid results. Use at your own risk. For more info please refer to:
https://scikit-learn.org/stable/model_persistence.html#security-maintainability-limitations
  warnings.warn(

2026-07-01 20:43:04,289:WARNING:C:\Users\asus\Downloads\python-phishing-url-detection-master\python-phishing-url-detection-master\venv\lib\site-packages\sklearn\base.py:376: InconsistentVersionWarning: Trying to unpickle estimator PowerTransformer from version 1.2.2 when using version 1.4.2. This might lead to breaking code or invalid results. Use at your own risk. For more info please refer to:
https://scikit-learn.org/stable/model_persistence.html#security-maintainability-limitations
  warnings.warn(

2026-07-01 20:43:04,289:WARNING:C:\Users\asus\Downloads\python-phishing-url-detection-master\python-phishing-url-detection-master\venv\lib\site-packages\sklearn\base.py:376: InconsistentVersionWarning: Trying to unpickle estimator StandardScaler from version 1.2.2 when using version 1.4.2. This might lead to breaking code or invalid results. Use at your own risk. For more info please refer to:
https://scikit-learn.org/stable/model_persistence.html#security-maintainability-limitations
  warnings.warn(

2026-07-01 20:43:04,312:WARNING:C:\Users\asus\Downloads\python-phishing-url-detection-master\python-phishing-url-detection-master\venv\lib\site-packages\sklearn\base.py:376: InconsistentVersionWarning: Trying to unpickle estimator LabelEncoder from version 1.2.2 when using version 1.4.2. This might lead to breaking code or invalid results. Use at your own risk. For more info please refer to:
https://scikit-learn.org/stable/model_persistence.html#security-maintainability-limitations
  warnings.warn(

2026-07-01 20:43:04,313:WARNING:C:\Users\asus\Downloads\python-phishing-url-detection-master\python-phishing-url-detection-master\venv\lib\site-packages\_distutils_hack\__init__.py:30: UserWarning: Setuptools is replacing distutils. Support for replacing an already imported distutils is deprecated. In the future, this condition will fail. Register concerns at https://github.com/pypa/setuptools/issues/new?template=distutils-deprecation.yml
  warnings.warn(

2026-07-01 20:43:04,318:WARNING:C:\Users\asus\Downloads\python-phishing-url-detection-master\python-phishing-url-detection-master\venv\lib\site-packages\pycaret\internal\pipeline.py:146: UserWarning: Version mismatch:
current: {'deps_info': {'pip': '26.1.2', 'setuptools': '82.0.1', 'pycaret': '3.3.1', 'IPython': '8.23.0', 'ipywidgets': '8.1.2', 'tqdm': '4.66.2', 'numpy': '1.26.4', 'pandas': '2.1.4', 'jinja2': '3.1.3', 'scipy': '1.11.4', 'joblib': '1.3.2', 'sklearn': '1.4.2', 'pyod': '1.1.3', 'imblearn': '0.12.2', 'category_encoders': '2.6.3', 'lightgbm': '4.3.0', 'numba': '0.59.1', 'requests': '2.31.0', 'matplotlib': '3.7.5', 'scikitplot': '0.3.7', 'yellowbrick': '1.5', 'plotly': '5.21.0', 'plotly-resampler': 'Not installed', 'kaleido': '0.2.1', 'schemdraw': '0.15', 'statsmodels': '0.14.2', 'sktime': '0.26.0', 'tbats': '1.1.3', 'pmdarima': '2.0.4', 'psutil': '5.9.8', 'markupsafe': '2.1.5', 'pickle5': 'Not installed', 'cloudpickle': '3.0.0', 'deprecation': '2.1.0', 'xxhash': '3.4.1', 'wurlitzer': 'Not installed'}, 'python': {'version': '3.10.11', 'machine': 'AMD64'}}
pickle: {'deps_info': {'pip': '23.1.2', 'setuptools': '67.7.2', 'pycaret': '3.0.4', 'IPython': '7.34.0', 'ipywidgets': '7.7.1', 'tqdm': '4.66.1', 'numpy': '1.23.5', 'pandas': '1.5.3', 'jinja2': '3.1.2', 'scipy': '1.10.1', 'joblib': '1.3.2', 'sklearn': '1.2.2', 'pyod': '1.1.0', 'imblearn': '0.10.1', 'category_encoders': '2.6.2', 'lightgbm': '4.0.0', 'numba': '0.56.4', 'requests': '2.31.0', 'matplotlib': '3.7.1', 'scikitplot': '0.3.7', 'yellowbrick': '1.5', 'plotly': '5.15.0', 'plotly-resampler': 'Not installed', 'kaleido': '0.2.1', 'schemdraw': '0.15', 'statsmodels': '0.14.0', 'sktime': '0.22.0', 'tbats': '1.1.3', 'pmdarima': '2.0.3', 'psutil': '5.9.5', 'markupsafe': '2.1.3', 'pickle5': 'Not installed', 'cloudpickle': '2.2.1', 'deprecation': '2.1.0', 'xxhash': '3.3.0', 'wurlitzer': '3.0.3'}, 'python': {'version': '3.10.12', 'machine': 'x86_64'}}
  warnings.warn(

2026-07-01 20:43:06,185:WARNING:
'cuml' is a soft dependency and not included in the pycaret installation. Please run: `pip install cuml` to install.
2026-07-01 20:43:06,185:WARNING:
'cuml' is a soft dependency and not included in the pycaret installation. Please run: `pip install cuml` to install.
2026-07-01 20:43:06,185:WARNING:
'cuml' is a soft dependency and not included in the pycaret installation. Please run: `pip install cuml` to install.
2026-07-01 20:43:06,185:WARNING:
'cuml' is a soft dependency and not included in the pycaret installation. Please run: `pip install cuml` to install.
2026-07-01 20:43:06,908:INFO:Initializing load_model()
2026-07-01 20:43:06,908:INFO:load_model(model_name=model/phishingdetection, platform=None, authentication=None, verbose=True)
2026-07-01 20:43:06,910:WARNING:C:\Users\asus\Downloads\python-phishing-url-detection-master\python-phishing-url-detection-master\venv\lib\site-packages\sklearn\base.py:376: InconsistentVersionWarning: Trying to unpickle estimator SimpleImputer from version 1.2.2 when using version 1.4.2. This might lead to breaking code or invalid results. Use at your own risk. For more info please refer to:
https://scikit-learn.org/stable/model_persistence.html#security-maintainability-limitations
  warnings.warn(

2026-07-01 20:43:06,910:WARNING:C:\Users\asus\Downloads\python-phishing-url-detection-master\python-phishing-url-detection-master\venv\lib\site-packages\sklearn\base.py:376: InconsistentVersionWarning: Trying to unpickle estimator PowerTransformer from version 1.2.2 when using version 1.4.2. This might lead to breaking code or invalid results. Use at your own risk. For more info please refer to:
https://scikit-learn.org/stable/model_persistence.html#security-maintainability-limitations
  warnings.warn(

2026-07-01 20:43:06,910:WARNING:C:\Users\asus\Downloads\python-phishing-url-detection-master\python-phishing-url-detection-master\venv\lib\site-packages\sklearn\base.py:376: InconsistentVersionWarning: Trying to unpickle estimator StandardScaler from version 1.2.2 when using version 1.4.2. This might lead to breaking code or invalid results. Use at your own risk. For more info please refer to:
https://scikit-learn.org/stable/model_persistence.html#security-maintainability-limitations
  warnings.warn(

2026-07-01 20:43:06,933:WARNING:C:\Users\asus\Downloads\python-phishing-url-detection-master\python-phishing-url-detection-master\venv\lib\site-packages\sklearn\base.py:376: InconsistentVersionWarning: Trying to unpickle estimator LabelEncoder from version 1.2.2 when using version 1.4.2. This might lead to breaking code or invalid results. Use at your own risk. For more info please refer to:
https://scikit-learn.org/stable/model_persistence.html#security-maintainability-limitations
  warnings.warn(

2026-07-01 20:43:06,934:WARNING:C:\Users\asus\Downloads\python-phishing-url-detection-master\python-phishing-url-detection-master\venv\lib\site-packages\_distutils_hack\__init__.py:30: UserWarning: Setuptools is replacing distutils. Support for replacing an already imported distutils is deprecated. In the future, this condition will fail. Register concerns at https://github.com/pypa/setuptools/issues/new?template=distutils-deprecation.yml
  warnings.warn(

2026-07-01 20:43:06,938:WARNING:C:\Users\asus\Downloads\python-phishing-url-detection-master\python-phishing-url-detection-master\venv\lib\site-packages\pycaret\internal\pipeline.py:146: UserWarning: Version mismatch:
current: {'deps_info': {'pip': '26.1.2', 'setuptools': '82.0.1', 'pycaret': '3.3.1', 'IPython': '8.23.0', 'ipywidgets': '8.1.2', 'tqdm': '4.66.2', 'numpy': '1.26.4', 'pandas': '2.1.4', 'jinja2': '3.1.3', 'scipy': '1.11.4', 'joblib': '1.3.2', 'sklearn': '1.4.2', 'pyod': '1.1.3', 'imblearn': '0.12.2', 'category_encoders': '2.6.3', 'lightgbm': '4.3.0', 'numba': '0.59.1', 'requests': '2.31.0', 'matplotlib': '3.7.5', 'scikitplot': '0.3.7', 'yellowbrick': '1.5', 'plotly': '5.21.0', 'plotly-resampler': 'Not installed', 'kaleido': '0.2.1', 'schemdraw': '0.15', 'statsmodels': '0.14.2', 'sktime': '0.26.0', 'tbats': '1.1.3', 'pmdarima': '2.0.4', 'psutil': '5.9.8', 'markupsafe': '2.1.5', 'pickle5': 'Not installed', 'cloudpickle': '3.0.0', 'deprecation': '2.1.0', 'xxhash': '3.4.1', 'wurlitzer': 'Not installed'}, 'python': {'version': '3.10.11', 'machine': 'AMD64'}}
pickle: {'deps_info': {'pip': '23.1.2', 'setuptools': '67.7.2', 'pycaret': '3.0.4', 'IPython': '7.34.0', 'ipywidgets': '7.7.1', 'tqdm': '4.66.1', 'numpy': '1.23.5', 'pandas': '1.5.3', 'jinja2': '3.1.2', 'scipy': '1.10.1', 'joblib': '1.3.2', 'sklearn': '1.2.2', 'pyod': '1.1.0', 'imblearn': '0.10.1', 'category_encoders': '2.6.2', 'lightgbm': '4.0.0', 'numba': '0.56.4', 'requests': '2.31.0', 'matplotlib': '3.7.1', 'scikitplot': '0.3.7', 'yellowbrick': '1.5', 'plotly': '5.15.0', 'plotly-resampler': 'Not installed', 'kaleido': '0.2.1', 'schemdraw': '0.15', 'statsmodels': '0.14.0', 'sktime': '0.22.0', 'tbats': '1.1.3', 'pmdarima': '2.0.3', 'psutil': '5.9.5', 'markupsafe': '2.1.3', 'pickle5': 'Not installed', 'cloudpickle': '2.2.1', 'deprecation': '2.1.0', 'xxhash': '3.3.0', 'wurlitzer': '3.0.3'}, 'python': {'version': '3.10.12', 'machine': 'x86_64'}}
  warnings.warn(

2026-07-01 20:43:22,763:WARNING:C:\Users\asus\Downloads\python-phishing-url-detection-master\python-phishing-url-detection-master\venv\lib\site-packages\sklearn\base.py:376: InconsistentVersionWarning: Trying to unpickle estimator PCA from version 1.2.2 when using version 1.4.2. This might lead to breaking code or invalid results. Use at your own risk. For more info please refer to:
https://scikit-learn.org/stable/model_persistence.html#security-maintainability-limitations
  warnings.warn(

2026-07-01 20:43:22,772:INFO:Initializing predict_model()
2026-07-01 20:43:22,772:INFO:predict_model(self=<pycaret.classification.oop.ClassificationExperiment object at 0x0000028FD7304820>, estimator=Pipeline(memory=FastMemory(location=/tmp/joblib),
         steps=[('numerical_imputer',
                 TransformerWrapper(include=['domain_att', 'URL_Length',
                                             'URL_Depth'],
                                    transformer=SimpleImputer())),
                ('categorical_imputer',
                 TransformerWrapper(include=[],
                                    transformer=SimpleImputer(strategy='most_frequent'))),
                ('transformation',
                 TransformerWrapper(transformer=PowerTransformer(standardize=False))),
                ('normalize', TransformerWrapper(transformer=StandardScaler())),
                ('clean_column_names',
                 TransformerWrapper(transformer=CleanColumnNames())),
                ('trained_model', LGBMClassifier(n_jobs=-1, random_state=321))]), probability_threshold=None, encoded_labels=False, raw_score=False, round=4, verbose=True, ml_usecase=None, preprocess=True, encode_labels=<function _SupervisedExperiment.predict_model.<locals>.encode_labels at 0x0000028FD72C9D80>)
2026-07-01 20:43:22,772:INFO:Checking exceptions
2026-07-01 20:43:22,772:INFO:Preloading libraries
2026-07-01 20:43:22,772:INFO:Set up data.
2026-07-01 20:43:22,774:INFO:Set up index.
2026-07-01 20:43:30,444:WARNING:C:\Users\asus\Downloads\python-phishing-url-detection-master\python-phishing-url-detection-master\venv\lib\site-packages\sklearn\base.py:376: InconsistentVersionWarning: Trying to unpickle estimator PCA from version 1.2.2 when using version 1.4.2. This might lead to breaking code or invalid results. Use at your own risk. For more info please refer to:
https://scikit-learn.org/stable/model_persistence.html#security-maintainability-limitations
  warnings.warn(

2026-07-01 20:43:30,452:INFO:Initializing predict_model()
2026-07-01 20:43:30,452:INFO:predict_model(self=<pycaret.classification.oop.ClassificationExperiment object at 0x0000028FD72C2F80>, estimator=Pipeline(memory=FastMemory(location=/tmp/joblib),
         steps=[('numerical_imputer',
                 TransformerWrapper(include=['domain_att', 'URL_Length',
                                             'URL_Depth'],
                                    transformer=SimpleImputer())),
                ('categorical_imputer',
                 TransformerWrapper(include=[],
                                    transformer=SimpleImputer(strategy='most_frequent'))),
                ('transformation',
                 TransformerWrapper(transformer=PowerTransformer(standardize=False))),
                ('normalize', TransformerWrapper(transformer=StandardScaler())),
                ('clean_column_names',
                 TransformerWrapper(transformer=CleanColumnNames())),
                ('trained_model', LGBMClassifier(n_jobs=-1, random_state=321))]), probability_threshold=None, encoded_labels=False, raw_score=False, round=4, verbose=True, ml_usecase=None, preprocess=True, encode_labels=<function _SupervisedExperiment.predict_model.<locals>.encode_labels at 0x0000028FD72CB1C0>)
2026-07-01 20:43:30,452:INFO:Checking exceptions
2026-07-01 20:43:30,452:INFO:Preloading libraries
2026-07-01 20:43:30,452:INFO:Set up data.
2026-07-01 20:43:30,456:INFO:Set up index.
2026-07-01 20:43:36,512:WARNING:C:\Users\asus\Downloads\python-phishing-url-detection-master\python-phishing-url-detection-master\venv\lib\site-packages\sklearn\base.py:376: InconsistentVersionWarning: Trying to unpickle estimator PCA from version 1.2.2 when using version 1.4.2. This might lead to breaking code or invalid results. Use at your own risk. For more info please refer to:
https://scikit-learn.org/stable/model_persistence.html#security-maintainability-limitations
  warnings.warn(

2026-07-01 20:43:36,518:INFO:Initializing predict_model()
2026-07-01 20:43:36,519:INFO:predict_model(self=<pycaret.classification.oop.ClassificationExperiment object at 0x0000028FD72FE2C0>, estimator=Pipeline(memory=FastMemory(location=/tmp/joblib),
         steps=[('numerical_imputer',
                 TransformerWrapper(include=['domain_att', 'URL_Length',
                                             'URL_Depth'],
                                    transformer=SimpleImputer())),
                ('categorical_imputer',
                 TransformerWrapper(include=[],
                                    transformer=SimpleImputer(strategy='most_frequent'))),
                ('transformation',
                 TransformerWrapper(transformer=PowerTransformer(standardize=False))),
                ('normalize', TransformerWrapper(transformer=StandardScaler())),
                ('clean_column_names',
                 TransformerWrapper(transformer=CleanColumnNames())),
                ('trained_model', LGBMClassifier(n_jobs=-1, random_state=321))]), probability_threshold=None, encoded_labels=False, raw_score=False, round=4, verbose=True, ml_usecase=None, preprocess=True, encode_labels=<function _SupervisedExperiment.predict_model.<locals>.encode_labels at 0x0000028FD72CA7A0>)
2026-07-01 20:43:36,519:INFO:Checking exceptions
2026-07-01 20:43:36,519:INFO:Preloading libraries
2026-07-01 20:43:36,519:INFO:Set up data.
2026-07-01 20:43:36,521:INFO:Set up index.
2026-07-01 20:43:43,090:WARNING:C:\Users\asus\Downloads\python-phishing-url-detection-master\python-phishing-url-detection-master\venv\lib\site-packages\sklearn\base.py:376: InconsistentVersionWarning: Trying to unpickle estimator PCA from version 1.2.2 when using version 1.4.2. This might lead to breaking code or invalid results. Use at your own risk. For more info please refer to:
https://scikit-learn.org/stable/model_persistence.html#security-maintainability-limitations
  warnings.warn(

2026-07-01 20:43:43,098:INFO:Initializing predict_model()
2026-07-01 20:43:43,099:INFO:predict_model(self=<pycaret.classification.oop.ClassificationExperiment object at 0x0000028FD7304C70>, estimator=Pipeline(memory=FastMemory(location=/tmp/joblib),
         steps=[('numerical_imputer',
                 TransformerWrapper(include=['domain_att', 'URL_Length',
                                             'URL_Depth'],
                                    transformer=SimpleImputer())),
                ('categorical_imputer',
                 TransformerWrapper(include=[],
                                    transformer=SimpleImputer(strategy='most_frequent'))),
                ('transformation',
                 TransformerWrapper(transformer=PowerTransformer(standardize=False))),
                ('normalize', TransformerWrapper(transformer=StandardScaler())),
                ('clean_column_names',
                 TransformerWrapper(transformer=CleanColumnNames())),
                ('trained_model', LGBMClassifier(n_jobs=-1, random_state=321))]), probability_threshold=None, encoded_labels=False, raw_score=False, round=4, verbose=True, ml_usecase=None, preprocess=True, encode_labels=<function _SupervisedExperiment.predict_model.<locals>.encode_labels at 0x0000028FD72CB250>)
2026-07-01 20:43:43,099:INFO:Checking exceptions
2026-07-01 20:43:43,099:INFO:Preloading libraries
2026-07-01 20:43:43,100:INFO:Set up data.
2026-07-01 20:43:43,104:INFO:Set up index.
2026-07-01 20:43:50,067:WARNING:C:\Users\asus\Downloads\python-phishing-url-detection-master\python-phishing-url-detection-master\venv\lib\site-packages\sklearn\base.py:376: InconsistentVersionWarning: Trying to unpickle estimator PCA from version 1.2.2 when using version 1.4.2. This might lead to breaking code or invalid results. Use at your own risk. For more info please refer to:
https://scikit-learn.org/stable/model_persistence.html#security-maintainability-limitations
  warnings.warn(

2026-07-01 20:43:50,074:INFO:Initializing predict_model()
2026-07-01 20:43:50,074:INFO:predict_model(self=<pycaret.classification.oop.ClassificationExperiment object at 0x0000028FD72FE380>, estimator=Pipeline(memory=FastMemory(location=/tmp/joblib),
         steps=[('numerical_imputer',
                 TransformerWrapper(include=['domain_att', 'URL_Length',
                                             'URL_Depth'],
                                    transformer=SimpleImputer())),
                ('categorical_imputer',
                 TransformerWrapper(include=[],
                                    transformer=SimpleImputer(strategy='most_frequent'))),
                ('transformation',
                 TransformerWrapper(transformer=PowerTransformer(standardize=False))),
                ('normalize', TransformerWrapper(transformer=StandardScaler())),
                ('clean_column_names',
                 TransformerWrapper(transformer=CleanColumnNames())),
                ('trained_model', LGBMClassifier(n_jobs=-1, random_state=321))]), probability_threshold=None, encoded_labels=False, raw_score=False, round=4, verbose=True, ml_usecase=None, preprocess=True, encode_labels=<function _SupervisedExperiment.predict_model.<locals>.encode_labels at 0x0000028FD72CA170>)
2026-07-01 20:43:50,074:INFO:Checking exceptions
2026-07-01 20:43:50,074:INFO:Preloading libraries
2026-07-01 20:43:50,074:INFO:Set up data.
2026-07-01 20:43:50,076:INFO:Set up index.
2026-07-01 20:43:55,962:WARNING:C:\Users\asus\Downloads\python-phishing-url-detection-master\python-phishing-url-detection-master\venv\lib\site-packages\sklearn\base.py:376: InconsistentVersionWarning: Trying to unpickle estimator PCA from version 1.2.2 when using version 1.4.2. This might lead to breaking code or invalid results. Use at your own risk. For more info please refer to:
https://scikit-learn.org/stable/model_persistence.html#security-maintainability-limitations
  warnings.warn(

2026-07-01 20:43:55,968:INFO:Initializing predict_model()
2026-07-01 20:43:55,968:INFO:predict_model(self=<pycaret.classification.oop.ClassificationExperiment object at 0x0000028FD72FE050>, estimator=Pipeline(memory=FastMemory(location=/tmp/joblib),
         steps=[('numerical_imputer',
                 TransformerWrapper(include=['domain_att', 'URL_Length',
                                             'URL_Depth'],
                                    transformer=SimpleImputer())),
                ('categorical_imputer',
                 TransformerWrapper(include=[],
                                    transformer=SimpleImputer(strategy='most_frequent'))),
                ('transformation',
                 TransformerWrapper(transformer=PowerTransformer(standardize=False))),
                ('normalize', TransformerWrapper(transformer=StandardScaler())),
                ('clean_column_names',
                 TransformerWrapper(transformer=CleanColumnNames())),
                ('trained_model', LGBMClassifier(n_jobs=-1, random_state=321))]), probability_threshold=None, encoded_labels=False, raw_score=False, round=4, verbose=True, ml_usecase=None, preprocess=True, encode_labels=<function _SupervisedExperiment.predict_model.<locals>.encode_labels at 0x0000028FD72CA950>)
2026-07-01 20:43:55,968:INFO:Checking exceptions
2026-07-01 20:43:55,968:INFO:Preloading libraries
2026-07-01 20:43:55,970:INFO:Set up data.
2026-07-01 20:43:55,971:INFO:Set up index.
2026-07-01 20:44:00,827:WARNING:C:\Users\asus\Downloads\python-phishing-url-detection-master\python-phishing-url-detection-master\venv\lib\site-packages\sklearn\base.py:376: InconsistentVersionWarning: Trying to unpickle estimator PCA from version 1.2.2 when using version 1.4.2. This might lead to breaking code or invalid results. Use at your own risk. For more info please refer to:
https://scikit-learn.org/stable/model_persistence.html#security-maintainability-limitations
  warnings.warn(

2026-07-01 20:44:00,833:INFO:Initializing predict_model()
2026-07-01 20:44:00,833:INFO:predict_model(self=<pycaret.classification.oop.ClassificationExperiment object at 0x0000028FD72FE2C0>, estimator=Pipeline(memory=FastMemory(location=/tmp/joblib),
         steps=[('numerical_imputer',
                 TransformerWrapper(include=['domain_att', 'URL_Length',
                                             'URL_Depth'],
                                    transformer=SimpleImputer())),
                ('categorical_imputer',
                 TransformerWrapper(include=[],
                                    transformer=SimpleImputer(strategy='most_frequent'))),
                ('transformation',
                 TransformerWrapper(transformer=PowerTransformer(standardize=False))),
                ('normalize', TransformerWrapper(transformer=StandardScaler())),
                ('clean_column_names',
                 TransformerWrapper(transformer=CleanColumnNames())),
                ('trained_model', LGBMClassifier(n_jobs=-1, random_state=321))]), probability_threshold=None, encoded_labels=False, raw_score=False, round=4, verbose=True, ml_usecase=None, preprocess=True, encode_labels=<function _SupervisedExperiment.predict_model.<locals>.encode_labels at 0x0000028FD72CA170>)
2026-07-01 20:44:00,833:INFO:Checking exceptions
2026-07-01 20:44:00,833:INFO:Preloading libraries
2026-07-01 20:44:00,834:INFO:Set up data.
2026-07-01 20:44:00,837:INFO:Set up index.
2026-07-01 20:45:14,357:WARNING:C:\Users\asus\Downloads\python-phishing-url-detection-master\python-phishing-url-detection-master\venv\lib\site-packages\sklearn\base.py:376: InconsistentVersionWarning: Trying to unpickle estimator PCA from version 1.2.2 when using version 1.4.2. This might lead to breaking code or invalid results. Use at your own risk. For more info please refer to:
https://scikit-learn.org/stable/model_persistence.html#security-maintainability-limitations
  warnings.warn(

2026-07-01 20:45:14,363:INFO:Initializing predict_model()
2026-07-01 20:45:14,363:INFO:predict_model(self=<pycaret.classification.oop.ClassificationExperiment object at 0x0000028FD72FDE40>, estimator=Pipeline(memory=FastMemory(location=/tmp/joblib),
         steps=[('numerical_imputer',
                 TransformerWrapper(include=['domain_att', 'URL_Length',
                                             'URL_Depth'],
                                    transformer=SimpleImputer())),
                ('categorical_imputer',
                 TransformerWrapper(include=[],
                                    transformer=SimpleImputer(strategy='most_frequent'))),
                ('transformation',
                 TransformerWrapper(transformer=PowerTransformer(standardize=False))),
                ('normalize', TransformerWrapper(transformer=StandardScaler())),
                ('clean_column_names',
                 TransformerWrapper(transformer=CleanColumnNames())),
                ('trained_model', LGBMClassifier(n_jobs=-1, random_state=321))]), probability_threshold=None, encoded_labels=False, raw_score=False, round=4, verbose=True, ml_usecase=None, preprocess=True, encode_labels=<function _SupervisedExperiment.predict_model.<locals>.encode_labels at 0x0000028FD72CA290>)
2026-07-01 20:45:14,363:INFO:Checking exceptions
2026-07-01 20:45:14,364:INFO:Preloading libraries
2026-07-01 20:45:14,364:INFO:Set up data.
2026-07-01 20:45:14,366:INFO:Set up index.
2026-07-01 20:45:16,665:WARNING:C:\Users\asus\Downloads\python-phishing-url-detection-master\python-phishing-url-detection-master\venv\lib\site-packages\sklearn\base.py:376: InconsistentVersionWarning: Trying to unpickle estimator PCA from version 1.2.2 when using version 1.4.2. This might lead to breaking code or invalid results. Use at your own risk. For more info please refer to:
https://scikit-learn.org/stable/model_persistence.html#security-maintainability-limitations
  warnings.warn(

2026-07-01 20:45:16,671:INFO:Initializing predict_model()
2026-07-01 20:45:16,671:INFO:predict_model(self=<pycaret.classification.oop.ClassificationExperiment object at 0x0000028FD72FE020>, estimator=Pipeline(memory=FastMemory(location=/tmp/joblib),
         steps=[('numerical_imputer',
                 TransformerWrapper(include=['domain_att', 'URL_Length',
                                             'URL_Depth'],
                                    transformer=SimpleImputer())),
                ('categorical_imputer',
                 TransformerWrapper(include=[],
                                    transformer=SimpleImputer(strategy='most_frequent'))),
                ('transformation',
                 TransformerWrapper(transformer=PowerTransformer(standardize=False))),
                ('normalize', TransformerWrapper(transformer=StandardScaler())),
                ('clean_column_names',
                 TransformerWrapper(transformer=CleanColumnNames())),
                ('trained_model', LGBMClassifier(n_jobs=-1, random_state=321))]), probability_threshold=None, encoded_labels=False, raw_score=False, round=4, verbose=True, ml_usecase=None, preprocess=True, encode_labels=<function _SupervisedExperiment.predict_model.<locals>.encode_labels at 0x0000028FD72C9CF0>)
2026-07-01 20:45:16,671:INFO:Checking exceptions
2026-07-01 20:45:16,671:INFO:Preloading libraries
2026-07-01 20:45:16,671:INFO:Set up data.
2026-07-01 20:45:16,673:INFO:Set up index.
2026-07-01 20:45:44,450:WARNING:C:\Users\asus\Downloads\python-phishing-url-detection-master\python-phishing-url-detection-master\venv\lib\site-packages\sklearn\base.py:376: InconsistentVersionWarning: Trying to unpickle estimator PCA from version 1.2.2 when using version 1.4.2. This might lead to breaking code or invalid results. Use at your own risk. For more info please refer to:
https://scikit-learn.org/stable/model_persistence.html#security-maintainability-limitations
  warnings.warn(

2026-07-01 20:45:44,456:INFO:Initializing predict_model()
2026-07-01 20:45:44,456:INFO:predict_model(self=<pycaret.classification.oop.ClassificationExperiment object at 0x0000028FD72C2440>, estimator=Pipeline(memory=FastMemory(location=/tmp/joblib),
         steps=[('numerical_imputer',
                 TransformerWrapper(include=['domain_att', 'URL_Length',
                                             'URL_Depth'],
                                    transformer=SimpleImputer())),
                ('categorical_imputer',
                 TransformerWrapper(include=[],
                                    transformer=SimpleImputer(strategy='most_frequent'))),
                ('transformation',
                 TransformerWrapper(transformer=PowerTransformer(standardize=False))),
                ('normalize', TransformerWrapper(transformer=StandardScaler())),
                ('clean_column_names',
                 TransformerWrapper(transformer=CleanColumnNames())),
                ('trained_model', LGBMClassifier(n_jobs=-1, random_state=321))]), probability_threshold=None, encoded_labels=False, raw_score=False, round=4, verbose=True, ml_usecase=None, preprocess=True, encode_labels=<function _SupervisedExperiment.predict_model.<locals>.encode_labels at 0x0000028FD72C9B40>)
2026-07-01 20:45:44,456:INFO:Checking exceptions
2026-07-01 20:45:44,456:INFO:Preloading libraries
2026-07-01 20:45:44,456:INFO:Set up data.
2026-07-01 20:45:44,459:INFO:Set up index.
2026-07-01 20:45:58,048:WARNING:C:\Users\asus\Downloads\python-phishing-url-detection-master\python-phishing-url-detection-master\venv\lib\site-packages\sklearn\base.py:376: InconsistentVersionWarning: Trying to unpickle estimator PCA from version 1.2.2 when using version 1.4.2. This might lead to breaking code or invalid results. Use at your own risk. For more info please refer to:
https://scikit-learn.org/stable/model_persistence.html#security-maintainability-limitations
  warnings.warn(

2026-07-01 20:45:58,054:INFO:Initializing predict_model()
2026-07-01 20:45:58,054:INFO:predict_model(self=<pycaret.classification.oop.ClassificationExperiment object at 0x0000028FD72FDC60>, estimator=Pipeline(memory=FastMemory(location=/tmp/joblib),
         steps=[('numerical_imputer',
                 TransformerWrapper(include=['domain_att', 'URL_Length',
                                             'URL_Depth'],
                                    transformer=SimpleImputer())),
                ('categorical_imputer',
                 TransformerWrapper(include=[],
                                    transformer=SimpleImputer(strategy='most_frequent'))),
                ('transformation',
                 TransformerWrapper(transformer=PowerTransformer(standardize=False))),
                ('normalize', TransformerWrapper(transformer=StandardScaler())),
                ('clean_column_names',
                 TransformerWrapper(transformer=CleanColumnNames())),
                ('trained_model', LGBMClassifier(n_jobs=-1, random_state=321))]), probability_threshold=None, encoded_labels=False, raw_score=False, round=4, verbose=True, ml_usecase=None, preprocess=True, encode_labels=<function _SupervisedExperiment.predict_model.<locals>.encode_labels at 0x0000028FD72C9BD0>)
2026-07-01 20:45:58,055:INFO:Checking exceptions
2026-07-01 20:45:58,055:INFO:Preloading libraries
2026-07-01 20:45:58,055:INFO:Set up data.
2026-07-01 20:45:58,058:INFO:Set up index.
2026-07-01 20:46:33,893:WARNING:C:\Users\asus\Downloads\python-phishing-url-detection-master\python-phishing-url-detection-master\venv\lib\site-packages\sklearn\base.py:376: InconsistentVersionWarning: Trying to unpickle estimator PCA from version 1.2.2 when using version 1.4.2. This might lead to breaking code or invalid results. Use at your own risk. For more info please refer to:
https://scikit-learn.org/stable/model_persistence.html#security-maintainability-limitations
  warnings.warn(

2026-07-01 20:46:33,901:INFO:Initializing predict_model()
2026-07-01 20:46:33,901:INFO:predict_model(self=<pycaret.classification.oop.ClassificationExperiment object at 0x0000028FD72FDC30>, estimator=Pipeline(memory=FastMemory(location=/tmp/joblib),
         steps=[('numerical_imputer',
                 TransformerWrapper(include=['domain_att', 'URL_Length',
                                             'URL_Depth'],
                                    transformer=SimpleImputer())),
                ('categorical_imputer',
                 TransformerWrapper(include=[],
                                    transformer=SimpleImputer(strategy='most_frequent'))),
                ('transformation',
                 TransformerWrapper(transformer=PowerTransformer(standardize=False))),
                ('normalize', TransformerWrapper(transformer=StandardScaler())),
                ('clean_column_names',
                 TransformerWrapper(transformer=CleanColumnNames())),
                ('trained_model', LGBMClassifier(n_jobs=-1, random_state=321))]), probability_threshold=None, encoded_labels=False, raw_score=False, round=4, verbose=True, ml_usecase=None, preprocess=True, encode_labels=<function _SupervisedExperiment.predict_model.<locals>.encode_labels at 0x0000028FD72CA200>)
2026-07-01 20:46:33,901:INFO:Checking exceptions
2026-07-01 20:46:33,901:INFO:Preloading libraries
2026-07-01 20:46:33,902:INFO:Set up data.
2026-07-01 20:46:33,906:INFO:Set up index.
2026-07-01 20:46:49,631:WARNING:C:\Users\asus\Downloads\python-phishing-url-detection-master\python-phishing-url-detection-master\venv\lib\site-packages\sklearn\base.py:376: InconsistentVersionWarning: Trying to unpickle estimator PCA from version 1.2.2 when using version 1.4.2. This might lead to breaking code or invalid results. Use at your own risk. For more info please refer to:
https://scikit-learn.org/stable/model_persistence.html#security-maintainability-limitations
  warnings.warn(

2026-07-01 20:46:49,638:INFO:Initializing predict_model()
2026-07-01 20:46:49,638:INFO:predict_model(self=<pycaret.classification.oop.ClassificationExperiment object at 0x0000028FD72FDAB0>, estimator=Pipeline(memory=FastMemory(location=/tmp/joblib),
         steps=[('numerical_imputer',
                 TransformerWrapper(include=['domain_att', 'URL_Length',
                                             'URL_Depth'],
                                    transformer=SimpleImputer())),
                ('categorical_imputer',
                 TransformerWrapper(include=[],
                                    transformer=SimpleImputer(strategy='most_frequent'))),
                ('transformation',
                 TransformerWrapper(transformer=PowerTransformer(standardize=False))),
                ('normalize', TransformerWrapper(transformer=StandardScaler())),
                ('clean_column_names',
                 TransformerWrapper(transformer=CleanColumnNames())),
                ('trained_model', LGBMClassifier(n_jobs=-1, random_state=321))]), probability_threshold=None, encoded_labels=False, raw_score=False, round=4, verbose=True, ml_usecase=None, preprocess=True, encode_labels=<function _SupervisedExperiment.predict_model.<locals>.encode_labels at 0x0000028FD72CA290>)
2026-07-01 20:46:49,638:INFO:Checking exceptions
2026-07-01 20:46:49,638:INFO:Preloading libraries
2026-07-01 20:46:49,639:INFO:Set up data.
2026-07-01 20:46:49,642:INFO:Set up index.
2026-07-01 20:47:06,077:WARNING:C:\Users\asus\Downloads\python-phishing-url-detection-master\python-phishing-url-detection-master\venv\lib\site-packages\sklearn\base.py:376: InconsistentVersionWarning: Trying to unpickle estimator PCA from version 1.2.2 when using version 1.4.2. This might lead to breaking code or invalid results. Use at your own risk. For more info please refer to:
https://scikit-learn.org/stable/model_persistence.html#security-maintainability-limitations
  warnings.warn(

2026-07-01 20:47:06,083:INFO:Initializing predict_model()
2026-07-01 20:47:06,083:INFO:predict_model(self=<pycaret.classification.oop.ClassificationExperiment object at 0x0000028FD72FDBA0>, estimator=Pipeline(memory=FastMemory(location=/tmp/joblib),
         steps=[('numerical_imputer',
                 TransformerWrapper(include=['domain_att', 'URL_Length',
                                             'URL_Depth'],
                                    transformer=SimpleImputer())),
                ('categorical_imputer',
                 TransformerWrapper(include=[],
                                    transformer=SimpleImputer(strategy='most_frequent'))),
                ('transformation',
                 TransformerWrapper(transformer=PowerTransformer(standardize=False))),
                ('normalize', TransformerWrapper(transformer=StandardScaler())),
                ('clean_column_names',
                 TransformerWrapper(transformer=CleanColumnNames())),
                ('trained_model', LGBMClassifier(n_jobs=-1, random_state=321))]), probability_threshold=None, encoded_labels=False, raw_score=False, round=4, verbose=True, ml_usecase=None, preprocess=True, encode_labels=<function _SupervisedExperiment.predict_model.<locals>.encode_labels at 0x0000028FD72C9CF0>)
2026-07-01 20:47:06,083:INFO:Checking exceptions
2026-07-01 20:47:06,083:INFO:Preloading libraries
2026-07-01 20:47:06,083:INFO:Set up data.
2026-07-01 20:47:06,086:INFO:Set up index.
2026-07-08 19:52:48,055:WARNING:
'cuml' is a soft dependency and not included in the pycaret installation. Please run: `pip install cuml` to install.
2026-07-08 19:52:48,055:WARNING:
'cuml' is a soft dependency and not included in the pycaret installation. Please run: `pip install cuml` to install.
2026-07-08 19:52:48,055:WARNING:
'cuml' is a soft dependency and not included in the pycaret installation. Please run: `pip install cuml` to install.
2026-07-08 19:52:48,055:WARNING:
'cuml' is a soft dependency and not included in the pycaret installation. Please run: `pip install cuml` to install.
2026-07-08 19:52:49,871:INFO:Initializing load_model()
2026-07-08 19:52:49,871:INFO:load_model(model_name=model/phishingdetection, platform=None, authentication=None, verbose=True)
2026-07-08 19:52:49,882:WARNING:C:\Users\asus\Downloads\python-phishing-url-detection-master\python-phishing-url-detection-master\venv\lib\site-packages\sklearn\base.py:376: InconsistentVersionWarning: Trying to unpickle estimator SimpleImputer from version 1.2.2 when using version 1.4.2. This might lead to breaking code or invalid results. Use at your own risk. For more info please refer to:
https://scikit-learn.org/stable/model_persistence.html#security-maintainability-limitations
  warnings.warn(

2026-07-08 19:52:49,882:WARNING:C:\Users\asus\Downloads\python-phishing-url-detection-master\python-phishing-url-detection-master\venv\lib\site-packages\sklearn\base.py:376: InconsistentVersionWarning: Trying to unpickle estimator PowerTransformer from version 1.2.2 when using version 1.4.2. This might lead to breaking code or invalid results. Use at your own risk. For more info please refer to:
https://scikit-learn.org/stable/model_persistence.html#security-maintainability-limitations
  warnings.warn(

2026-07-08 19:52:49,883:WARNING:C:\Users\asus\Downloads\python-phishing-url-detection-master\python-phishing-url-detection-master\venv\lib\site-packages\sklearn\base.py:376: InconsistentVersionWarning: Trying to unpickle estimator StandardScaler from version 1.2.2 when using version 1.4.2. This might lead to breaking code or invalid results. Use at your own risk. For more info please refer to:
https://scikit-learn.org/stable/model_persistence.html#security-maintainability-limitations
  warnings.warn(

2026-07-08 19:52:49,905:WARNING:C:\Users\asus\Downloads\python-phishing-url-detection-master\python-phishing-url-detection-master\venv\lib\site-packages\sklearn\base.py:376: InconsistentVersionWarning: Trying to unpickle estimator LabelEncoder from version 1.2.2 when using version 1.4.2. This might lead to breaking code or invalid results. Use at your own risk. For more info please refer to:
https://scikit-learn.org/stable/model_persistence.html#security-maintainability-limitations
  warnings.warn(

2026-07-08 19:52:49,920:WARNING:C:\Users\asus\Downloads\python-phishing-url-detection-master\python-phishing-url-detection-master\venv\lib\site-packages\_distutils_hack\__init__.py:30: UserWarning: Setuptools is replacing distutils. Support for replacing an already imported distutils is deprecated. In the future, this condition will fail. Register concerns at https://github.com/pypa/setuptools/issues/new?template=distutils-deprecation.yml
  warnings.warn(

2026-07-08 19:52:49,938:WARNING:C:\Users\asus\Downloads\python-phishing-url-detection-master\python-phishing-url-detection-master\venv\lib\site-packages\pycaret\internal\pipeline.py:146: UserWarning: Version mismatch:
current: {'deps_info': {'pip': '26.1.2', 'setuptools': '82.0.1', 'pycaret': '3.3.1', 'IPython': '8.23.0', 'ipywidgets': '8.1.2', 'tqdm': '4.66.2', 'numpy': '1.26.4', 'pandas': '2.1.4', 'jinja2': '3.1.3', 'scipy': '1.11.4', 'joblib': '1.3.2', 'sklearn': '1.4.2', 'pyod': '1.1.3', 'imblearn': '0.12.2', 'category_encoders': '2.6.3', 'lightgbm': '4.3.0', 'numba': '0.59.1', 'requests': '2.31.0', 'matplotlib': '3.7.5', 'scikitplot': '0.3.7', 'yellowbrick': '1.5', 'plotly': '5.21.0', 'plotly-resampler': 'Not installed', 'kaleido': '0.2.1', 'schemdraw': '0.15', 'statsmodels': '0.14.2', 'sktime': '0.26.0', 'tbats': '1.1.3', 'pmdarima': '2.0.4', 'psutil': '5.9.8', 'markupsafe': '2.1.5', 'pickle5': 'Not installed', 'cloudpickle': '3.0.0', 'deprecation': '2.1.0', 'xxhash': '3.4.1', 'wurlitzer': 'Not installed'}, 'python': {'version': '3.10.11', 'machine': 'AMD64'}}
pickle: {'deps_info': {'pip': '23.1.2', 'setuptools': '67.7.2', 'pycaret': '3.0.4', 'IPython': '7.34.0', 'ipywidgets': '7.7.1', 'tqdm': '4.66.1', 'numpy': '1.23.5', 'pandas': '1.5.3', 'jinja2': '3.1.2', 'scipy': '1.10.1', 'joblib': '1.3.2', 'sklearn': '1.2.2', 'pyod': '1.1.0', 'imblearn': '0.10.1', 'category_encoders': '2.6.2', 'lightgbm': '4.0.0', 'numba': '0.56.4', 'requests': '2.31.0', 'matplotlib': '3.7.1', 'scikitplot': '0.3.7', 'yellowbrick': '1.5', 'plotly': '5.15.0', 'plotly-resampler': 'Not installed', 'kaleido': '0.2.1', 'schemdraw': '0.15', 'statsmodels': '0.14.0', 'sktime': '0.22.0', 'tbats': '1.1.3', 'pmdarima': '2.0.3', 'psutil': '5.9.5', 'markupsafe': '2.1.3', 'pickle5': 'Not installed', 'cloudpickle': '2.2.1', 'deprecation': '2.1.0', 'xxhash': '3.3.0', 'wurlitzer': '3.0.3'}, 'python': {'version': '3.10.12', 'machine': 'x86_64'}}
  warnings.warn(

2026-07-08 19:52:51,773:WARNING:
'cuml' is a soft dependency and not included in the pycaret installation. Please run: `pip install cuml` to install.
2026-07-08 19:52:51,773:WARNING:
'cuml' is a soft dependency and not included in the pycaret installation. Please run: `pip install cuml` to install.
2026-07-08 19:52:51,773:WARNING:
'cuml' is a soft dependency and not included in the pycaret installation. Please run: `pip install cuml` to install.
2026-07-08 19:52:51,773:WARNING:
'cuml' is a soft dependency and not included in the pycaret installation. Please run: `pip install cuml` to install.
2026-07-08 19:52:52,471:INFO:Initializing load_model()
2026-07-08 19:52:52,471:INFO:load_model(model_name=model/phishingdetection, platform=None, authentication=None, verbose=True)
2026-07-08 19:52:52,473:WARNING:C:\Users\asus\Downloads\python-phishing-url-detection-master\python-phishing-url-detection-master\venv\lib\site-packages\sklearn\base.py:376: InconsistentVersionWarning: Trying to unpickle estimator SimpleImputer from version 1.2.2 when using version 1.4.2. This might lead to breaking code or invalid results. Use at your own risk. For more info please refer to:
https://scikit-learn.org/stable/model_persistence.html#security-maintainability-limitations
  warnings.warn(

2026-07-08 19:52:52,474:WARNING:C:\Users\asus\Downloads\python-phishing-url-detection-master\python-phishing-url-detection-master\venv\lib\site-packages\sklearn\base.py:376: InconsistentVersionWarning: Trying to unpickle estimator PowerTransformer from version 1.2.2 when using version 1.4.2. This might lead to breaking code or invalid results. Use at your own risk. For more info please refer to:
https://scikit-learn.org/stable/model_persistence.html#security-maintainability-limitations
  warnings.warn(

2026-07-08 19:52:52,474:WARNING:C:\Users\asus\Downloads\python-phishing-url-detection-master\python-phishing-url-detection-master\venv\lib\site-packages\sklearn\base.py:376: InconsistentVersionWarning: Trying to unpickle estimator StandardScaler from version 1.2.2 when using version 1.4.2. This might lead to breaking code or invalid results. Use at your own risk. For more info please refer to:
https://scikit-learn.org/stable/model_persistence.html#security-maintainability-limitations
  warnings.warn(

2026-07-08 19:52:52,495:WARNING:C:\Users\asus\Downloads\python-phishing-url-detection-master\python-phishing-url-detection-master\venv\lib\site-packages\sklearn\base.py:376: InconsistentVersionWarning: Trying to unpickle estimator LabelEncoder from version 1.2.2 when using version 1.4.2. This might lead to breaking code or invalid results. Use at your own risk. For more info please refer to:
https://scikit-learn.org/stable/model_persistence.html#security-maintainability-limitations
  warnings.warn(

2026-07-08 19:52:52,496:WARNING:C:\Users\asus\Downloads\python-phishing-url-detection-master\python-phishing-url-detection-master\venv\lib\site-packages\_distutils_hack\__init__.py:30: UserWarning: Setuptools is replacing distutils. Support for replacing an already imported distutils is deprecated. In the future, this condition will fail. Register concerns at https://github.com/pypa/setuptools/issues/new?template=distutils-deprecation.yml
  warnings.warn(

2026-07-08 19:52:52,500:WARNING:C:\Users\asus\Downloads\python-phishing-url-detection-master\python-phishing-url-detection-master\venv\lib\site-packages\pycaret\internal\pipeline.py:146: UserWarning: Version mismatch:
current: {'deps_info': {'pip': '26.1.2', 'setuptools': '82.0.1', 'pycaret': '3.3.1', 'IPython': '8.23.0', 'ipywidgets': '8.1.2', 'tqdm': '4.66.2', 'numpy': '1.26.4', 'pandas': '2.1.4', 'jinja2': '3.1.3', 'scipy': '1.11.4', 'joblib': '1.3.2', 'sklearn': '1.4.2', 'pyod': '1.1.3', 'imblearn': '0.12.2', 'category_encoders': '2.6.3', 'lightgbm': '4.3.0', 'numba': '0.59.1', 'requests': '2.31.0', 'matplotlib': '3.7.5', 'scikitplot': '0.3.7', 'yellowbrick': '1.5', 'plotly': '5.21.0', 'plotly-resampler': 'Not installed', 'kaleido': '0.2.1', 'schemdraw': '0.15', 'statsmodels': '0.14.2', 'sktime': '0.26.0', 'tbats': '1.1.3', 'pmdarima': '2.0.4', 'psutil': '5.9.8', 'markupsafe': '2.1.5', 'pickle5': 'Not installed', 'cloudpickle': '3.0.0', 'deprecation': '2.1.0', 'xxhash': '3.4.1', 'wurlitzer': 'Not installed'}, 'python': {'version': '3.10.11', 'machine': 'AMD64'}}
pickle: {'deps_info': {'pip': '23.1.2', 'setuptools': '67.7.2', 'pycaret': '3.0.4', 'IPython': '7.34.0', 'ipywidgets': '7.7.1', 'tqdm': '4.66.1', 'numpy': '1.23.5', 'pandas': '1.5.3', 'jinja2': '3.1.2', 'scipy': '1.10.1', 'joblib': '1.3.2', 'sklearn': '1.2.2', 'pyod': '1.1.0', 'imblearn': '0.10.1', 'category_encoders': '2.6.2', 'lightgbm': '4.0.0', 'numba': '0.56.4', 'requests': '2.31.0', 'matplotlib': '3.7.1', 'scikitplot': '0.3.7', 'yellowbrick': '1.5', 'plotly': '5.15.0', 'plotly-resampler': 'Not installed', 'kaleido': '0.2.1', 'schemdraw': '0.15', 'statsmodels': '0.14.0', 'sktime': '0.22.0', 'tbats': '1.1.3', 'pmdarima': '2.0.3', 'psutil': '5.9.5', 'markupsafe': '2.1.3', 'pickle5': 'Not installed', 'cloudpickle': '2.2.1', 'deprecation': '2.1.0', 'xxhash': '3.3.0', 'wurlitzer': '3.0.3'}, 'python': {'version': '3.10.12', 'machine': 'x86_64'}}
  warnings.warn(

2026-07-08 20:06:59,660:WARNING:C:\Users\asus\Downloads\python-phishing-url-detection-master\python-phishing-url-detection-master\venv\lib\site-packages\sklearn\base.py:376: InconsistentVersionWarning: Trying to unpickle estimator PCA from version 1.2.2 when using version 1.4.2. This might lead to breaking code or invalid results. Use at your own risk. For more info please refer to:
https://scikit-learn.org/stable/model_persistence.html#security-maintainability-limitations
  warnings.warn(

2026-07-08 20:06:59,675:INFO:Initializing predict_model()
2026-07-08 20:06:59,675:INFO:predict_model(self=<pycaret.classification.oop.ClassificationExperiment object at 0x00000203CEDDDE40>, estimator=Pipeline(memory=FastMemory(location=/tmp/joblib),
         steps=[('numerical_imputer',
                 TransformerWrapper(include=['domain_att', 'URL_Length',
                                             'URL_Depth'],
                                    transformer=SimpleImputer())),
                ('categorical_imputer',
                 TransformerWrapper(include=[],
                                    transformer=SimpleImputer(strategy='most_frequent'))),
                ('transformation',
                 TransformerWrapper(transformer=PowerTransformer(standardize=False))),
                ('normalize', TransformerWrapper(transformer=StandardScaler())),
                ('clean_column_names',
                 TransformerWrapper(transformer=CleanColumnNames())),
                ('trained_model', LGBMClassifier(n_jobs=-1, random_state=321))]), probability_threshold=None, encoded_labels=False, raw_score=False, round=4, verbose=True, ml_usecase=None, preprocess=True, encode_labels=<function _SupervisedExperiment.predict_model.<locals>.encode_labels at 0x00000203CEDA9E10>)
2026-07-08 20:06:59,675:INFO:Checking exceptions
2026-07-08 20:06:59,675:INFO:Preloading libraries
2026-07-08 20:06:59,675:INFO:Set up data.
2026-07-08 20:06:59,680:INFO:Set up index.
2026-07-18 07:22:29,256:WARNING:
'cuml' is a soft dependency and not included in the pycaret installation. Please run: `pip install cuml` to install.
2026-07-18 07:22:29,257:WARNING:
'cuml' is a soft dependency and not included in the pycaret installation. Please run: `pip install cuml` to install.
2026-07-18 07:22:29,257:WARNING:
'cuml' is a soft dependency and not included in the pycaret installation. Please run: `pip install cuml` to install.
2026-07-18 07:22:29,257:WARNING:
'cuml' is a soft dependency and not included in the pycaret installation. Please run: `pip install cuml` to install.
2026-07-18 07:22:31,386:INFO:Initializing load_model()
2026-07-18 07:22:31,386:INFO:load_model(model_name=model/phishingdetection, platform=None, authentication=None, verbose=True)
2026-07-18 07:22:31,407:WARNING:C:\Users\asus\Downloads\python-phishing-url-detection-master\python-phishing-url-detection-master\venv\lib\site-packages\sklearn\base.py:376: InconsistentVersionWarning: Trying to unpickle estimator SimpleImputer from version 1.2.2 when using version 1.4.2. This might lead to breaking code or invalid results. Use at your own risk. For more info please refer to:
https://scikit-learn.org/stable/model_persistence.html#security-maintainability-limitations
  warnings.warn(

2026-07-18 07:22:31,408:WARNING:C:\Users\asus\Downloads\python-phishing-url-detection-master\python-phishing-url-detection-master\venv\lib\site-packages\sklearn\base.py:376: InconsistentVersionWarning: Trying to unpickle estimator PowerTransformer from version 1.2.2 when using version 1.4.2. This might lead to breaking code or invalid results. Use at your own risk. For more info please refer to:
https://scikit-learn.org/stable/model_persistence.html#security-maintainability-limitations
  warnings.warn(

2026-07-18 07:22:31,408:WARNING:C:\Users\asus\Downloads\python-phishing-url-detection-master\python-phishing-url-detection-master\venv\lib\site-packages\sklearn\base.py:376: InconsistentVersionWarning: Trying to unpickle estimator StandardScaler from version 1.2.2 when using version 1.4.2. This might lead to breaking code or invalid results. Use at your own risk. For more info please refer to:
https://scikit-learn.org/stable/model_persistence.html#security-maintainability-limitations
  warnings.warn(

2026-07-18 07:22:31,468:WARNING:C:\Users\asus\Downloads\python-phishing-url-detection-master\python-phishing-url-detection-master\venv\lib\site-packages\sklearn\base.py:376: InconsistentVersionWarning: Trying to unpickle estimator LabelEncoder from version 1.2.2 when using version 1.4.2. This might lead to breaking code or invalid results. Use at your own risk. For more info please refer to:
https://scikit-learn.org/stable/model_persistence.html#security-maintainability-limitations
  warnings.warn(

2026-07-18 07:22:31,482:WARNING:C:\Users\asus\Downloads\python-phishing-url-detection-master\python-phishing-url-detection-master\venv\lib\site-packages\_distutils_hack\__init__.py:30: UserWarning: Setuptools is replacing distutils. Support for replacing an already imported distutils is deprecated. In the future, this condition will fail. Register concerns at https://github.com/pypa/setuptools/issues/new?template=distutils-deprecation.yml
  warnings.warn(

2026-07-18 07:22:31,501:WARNING:C:\Users\asus\Downloads\python-phishing-url-detection-master\python-phishing-url-detection-master\venv\lib\site-packages\pycaret\internal\pipeline.py:146: UserWarning: Version mismatch:
current: {'deps_info': {'pip': '26.1.2', 'setuptools': '82.0.1', 'pycaret': '3.3.1', 'IPython': '8.23.0', 'ipywidgets': '8.1.2', 'tqdm': '4.66.2', 'numpy': '1.26.4', 'pandas': '2.1.4', 'jinja2': '3.1.3', 'scipy': '1.11.4', 'joblib': '1.3.2', 'sklearn': '1.4.2', 'pyod': '1.1.3', 'imblearn': '0.12.2', 'category_encoders': '2.6.3', 'lightgbm': '4.3.0', 'numba': '0.59.1', 'requests': '2.31.0', 'matplotlib': '3.7.5', 'scikitplot': '0.3.7', 'yellowbrick': '1.5', 'plotly': '5.21.0', 'plotly-resampler': 'Not installed', 'kaleido': '0.2.1', 'schemdraw': '0.15', 'statsmodels': '0.14.2', 'sktime': '0.26.0', 'tbats': '1.1.3', 'pmdarima': '2.0.4', 'psutil': '5.9.8', 'markupsafe': '2.1.5', 'pickle5': 'Not installed', 'cloudpickle': '3.0.0', 'deprecation': '2.1.0', 'xxhash': '3.4.1', 'wurlitzer': 'Not installed'}, 'python': {'version': '3.10.11', 'machine': 'AMD64'}}
pickle: {'deps_info': {'pip': '23.1.2', 'setuptools': '67.7.2', 'pycaret': '3.0.4', 'IPython': '7.34.0', 'ipywidgets': '7.7.1', 'tqdm': '4.66.1', 'numpy': '1.23.5', 'pandas': '1.5.3', 'jinja2': '3.1.2', 'scipy': '1.10.1', 'joblib': '1.3.2', 'sklearn': '1.2.2', 'pyod': '1.1.0', 'imblearn': '0.10.1', 'category_encoders': '2.6.2', 'lightgbm': '4.0.0', 'numba': '0.56.4', 'requests': '2.31.0', 'matplotlib': '3.7.1', 'scikitplot': '0.3.7', 'yellowbrick': '1.5', 'plotly': '5.15.0', 'plotly-resampler': 'Not installed', 'kaleido': '0.2.1', 'schemdraw': '0.15', 'statsmodels': '0.14.0', 'sktime': '0.22.0', 'tbats': '1.1.3', 'pmdarima': '2.0.3', 'psutil': '5.9.5', 'markupsafe': '2.1.3', 'pickle5': 'Not installed', 'cloudpickle': '2.2.1', 'deprecation': '2.1.0', 'xxhash': '3.3.0', 'wurlitzer': '3.0.3'}, 'python': {'version': '3.10.12', 'machine': 'x86_64'}}
  warnings.warn(

2026-07-18 07:22:33,225:WARNING:
'cuml' is a soft dependency and not included in the pycaret installation. Please run: `pip install cuml` to install.
2026-07-18 07:22:33,225:WARNING:
'cuml' is a soft dependency and not included in the pycaret installation. Please run: `pip install cuml` to install.
2026-07-18 07:22:33,225:WARNING:
'cuml' is a soft dependency and not included in the pycaret installation. Please run: `pip install cuml` to install.
2026-07-18 07:22:33,225:WARNING:
'cuml' is a soft dependency and not included in the pycaret installation. Please run: `pip install cuml` to install.
2026-07-18 07:22:33,878:INFO:Initializing load_model()
2026-07-18 07:22:33,878:INFO:load_model(model_name=model/phishingdetection, platform=None, authentication=None, verbose=True)
2026-07-18 07:22:33,879:WARNING:C:\Users\asus\Downloads\python-phishing-url-detection-master\python-phishing-url-detection-master\venv\lib\site-packages\sklearn\base.py:376: InconsistentVersionWarning: Trying to unpickle estimator SimpleImputer from version 1.2.2 when using version 1.4.2. This might lead to breaking code or invalid results. Use at your own risk. For more info please refer to:
https://scikit-learn.org/stable/model_persistence.html#security-maintainability-limitations
  warnings.warn(

2026-07-18 07:22:33,879:WARNING:C:\Users\asus\Downloads\python-phishing-url-detection-master\python-phishing-url-detection-master\venv\lib\site-packages\sklearn\base.py:376: InconsistentVersionWarning: Trying to unpickle estimator PowerTransformer from version 1.2.2 when using version 1.4.2. This might lead to breaking code or invalid results. Use at your own risk. For more info please refer to:
https://scikit-learn.org/stable/model_persistence.html#security-maintainability-limitations
  warnings.warn(

2026-07-18 07:22:33,880:WARNING:C:\Users\asus\Downloads\python-phishing-url-detection-master\python-phishing-url-detection-master\venv\lib\site-packages\sklearn\base.py:376: InconsistentVersionWarning: Trying to unpickle estimator StandardScaler from version 1.2.2 when using version 1.4.2. This might lead to breaking code or invalid results. Use at your own risk. For more info please refer to:
https://scikit-learn.org/stable/model_persistence.html#security-maintainability-limitations
  warnings.warn(

2026-07-18 07:22:33,898:WARNING:C:\Users\asus\Downloads\python-phishing-url-detection-master\python-phishing-url-detection-master\venv\lib\site-packages\sklearn\base.py:376: InconsistentVersionWarning: Trying to unpickle estimator LabelEncoder from version 1.2.2 when using version 1.4.2. This might lead to breaking code or invalid results. Use at your own risk. For more info please refer to:
https://scikit-learn.org/stable/model_persistence.html#security-maintainability-limitations
  warnings.warn(

2026-07-18 07:22:33,899:WARNING:C:\Users\asus\Downloads\python-phishing-url-detection-master\python-phishing-url-detection-master\venv\lib\site-packages\_distutils_hack\__init__.py:30: UserWarning: Setuptools is replacing distutils. Support for replacing an already imported distutils is deprecated. In the future, this condition will fail. Register concerns at https://github.com/pypa/setuptools/issues/new?template=distutils-deprecation.yml
  warnings.warn(

2026-07-18 07:22:33,903:WARNING:C:\Users\asus\Downloads\python-phishing-url-detection-master\python-phishing-url-detection-master\venv\lib\site-packages\pycaret\internal\pipeline.py:146: UserWarning: Version mismatch:
current: {'deps_info': {'pip': '26.1.2', 'setuptools': '82.0.1', 'pycaret': '3.3.1', 'IPython': '8.23.0', 'ipywidgets': '8.1.2', 'tqdm': '4.66.2', 'numpy': '1.26.4', 'pandas': '2.1.4', 'jinja2': '3.1.3', 'scipy': '1.11.4', 'joblib': '1.3.2', 'sklearn': '1.4.2', 'pyod': '1.1.3', 'imblearn': '0.12.2', 'category_encoders': '2.6.3', 'lightgbm': '4.3.0', 'numba': '0.59.1', 'requests': '2.31.0', 'matplotlib': '3.7.5', 'scikitplot': '0.3.7', 'yellowbrick': '1.5', 'plotly': '5.21.0', 'plotly-resampler': 'Not installed', 'kaleido': '0.2.1', 'schemdraw': '0.15', 'statsmodels': '0.14.2', 'sktime': '0.26.0', 'tbats': '1.1.3', 'pmdarima': '2.0.4', 'psutil': '5.9.8', 'markupsafe': '2.1.5', 'pickle5': 'Not installed', 'cloudpickle': '3.0.0', 'deprecation': '2.1.0', 'xxhash': '3.4.1', 'wurlitzer': 'Not installed'}, 'python': {'version': '3.10.11', 'machine': 'AMD64'}}
pickle: {'deps_info': {'pip': '23.1.2', 'setuptools': '67.7.2', 'pycaret': '3.0.4', 'IPython': '7.34.0', 'ipywidgets': '7.7.1', 'tqdm': '4.66.1', 'numpy': '1.23.5', 'pandas': '1.5.3', 'jinja2': '3.1.2', 'scipy': '1.10.1', 'joblib': '1.3.2', 'sklearn': '1.2.2', 'pyod': '1.1.0', 'imblearn': '0.10.1', 'category_encoders': '2.6.2', 'lightgbm': '4.0.0', 'numba': '0.56.4', 'requests': '2.31.0', 'matplotlib': '3.7.1', 'scikitplot': '0.3.7', 'yellowbrick': '1.5', 'plotly': '5.15.0', 'plotly-resampler': 'Not installed', 'kaleido': '0.2.1', 'schemdraw': '0.15', 'statsmodels': '0.14.0', 'sktime': '0.22.0', 'tbats': '1.1.3', 'pmdarima': '2.0.3', 'psutil': '5.9.5', 'markupsafe': '2.1.3', 'pickle5': 'Not installed', 'cloudpickle': '2.2.1', 'deprecation': '2.1.0', 'xxhash': '3.3.0', 'wurlitzer': '3.0.3'}, 'python': {'version': '3.10.12', 'machine': 'x86_64'}}
  warnings.warn(

2026-07-27 23:01:15,228:WARNING:
'cuml' is a soft dependency and not included in the pycaret installation. Please run: `pip install cuml` to install.
2026-07-27 23:01:15,229:WARNING:
'cuml' is a soft dependency and not included in the pycaret installation. Please run: `pip install cuml` to install.
2026-07-27 23:01:15,229:WARNING:
'cuml' is a soft dependency and not included in the pycaret installation. Please run: `pip install cuml` to install.
2026-07-27 23:01:15,229:WARNING:
'cuml' is a soft dependency and not included in the pycaret installation. Please run: `pip install cuml` to install.
2026-07-27 23:01:17,527:INFO:Initializing load_model()
2026-07-27 23:01:17,527:INFO:load_model(model_name=model/phishingdetection, platform=None, authentication=None, verbose=True)
2026-07-27 23:01:17,551:WARNING:C:\Users\asus\Downloads\python-phishing-url-detection-master\python-phishing-url-detection-master\venv\lib\site-packages\sklearn\base.py:376: InconsistentVersionWarning: Trying to unpickle estimator SimpleImputer from version 1.2.2 when using version 1.4.2. This might lead to breaking code or invalid results. Use at your own risk. For more info please refer to:
https://scikit-learn.org/stable/model_persistence.html#security-maintainability-limitations
  warnings.warn(

2026-07-27 23:01:17,552:WARNING:C:\Users\asus\Downloads\python-phishing-url-detection-master\python-phishing-url-detection-master\venv\lib\site-packages\sklearn\base.py:376: InconsistentVersionWarning: Trying to unpickle estimator PowerTransformer from version 1.2.2 when using version 1.4.2. This might lead to breaking code or invalid results. Use at your own risk. For more info please refer to:
https://scikit-learn.org/stable/model_persistence.html#security-maintainability-limitations
  warnings.warn(

2026-07-27 23:01:17,552:WARNING:C:\Users\asus\Downloads\python-phishing-url-detection-master\python-phishing-url-detection-master\venv\lib\site-packages\sklearn\base.py:376: InconsistentVersionWarning: Trying to unpickle estimator StandardScaler from version 1.2.2 when using version 1.4.2. This might lead to breaking code or invalid results. Use at your own risk. For more info please refer to:
https://scikit-learn.org/stable/model_persistence.html#security-maintainability-limitations
  warnings.warn(

2026-07-27 23:01:17,614:WARNING:C:\Users\asus\Downloads\python-phishing-url-detection-master\python-phishing-url-detection-master\venv\lib\site-packages\sklearn\base.py:376: InconsistentVersionWarning: Trying to unpickle estimator LabelEncoder from version 1.2.2 when using version 1.4.2. This might lead to breaking code or invalid results. Use at your own risk. For more info please refer to:
https://scikit-learn.org/stable/model_persistence.html#security-maintainability-limitations
  warnings.warn(

2026-07-27 23:01:17,632:WARNING:C:\Users\asus\Downloads\python-phishing-url-detection-master\python-phishing-url-detection-master\venv\lib\site-packages\_distutils_hack\__init__.py:30: UserWarning: Setuptools is replacing distutils. Support for replacing an already imported distutils is deprecated. In the future, this condition will fail. Register concerns at https://github.com/pypa/setuptools/issues/new?template=distutils-deprecation.yml
  warnings.warn(

2026-07-27 23:01:17,653:WARNING:C:\Users\asus\Downloads\python-phishing-url-detection-master\python-phishing-url-detection-master\venv\lib\site-packages\pycaret\internal\pipeline.py:146: UserWarning: Version mismatch:
current: {'deps_info': {'pip': '26.1.2', 'setuptools': '82.0.1', 'pycaret': '3.3.1', 'IPython': '8.23.0', 'ipywidgets': '8.1.2', 'tqdm': '4.66.2', 'numpy': '1.26.4', 'pandas': '2.1.4', 'jinja2': '3.1.3', 'scipy': '1.11.4', 'joblib': '1.3.2', 'sklearn': '1.4.2', 'pyod': '1.1.3', 'imblearn': '0.12.2', 'category_encoders': '2.6.3', 'lightgbm': '4.3.0', 'numba': '0.59.1', 'requests': '2.31.0', 'matplotlib': '3.7.5', 'scikitplot': '0.3.7', 'yellowbrick': '1.5', 'plotly': '5.21.0', 'plotly-resampler': 'Not installed', 'kaleido': '0.2.1', 'schemdraw': '0.15', 'statsmodels': '0.14.2', 'sktime': '0.26.0', 'tbats': '1.1.3', 'pmdarima': '2.0.4', 'psutil': '5.9.8', 'markupsafe': '2.1.5', 'pickle5': 'Not installed', 'cloudpickle': '3.0.0', 'deprecation': '2.1.0', 'xxhash': '3.4.1', 'wurlitzer': 'Not installed'}, 'python': {'version': '3.10.11', 'machine': 'AMD64'}}
pickle: {'deps_info': {'pip': '23.1.2', 'setuptools': '67.7.2', 'pycaret': '3.0.4', 'IPython': '7.34.0', 'ipywidgets': '7.7.1', 'tqdm': '4.66.1', 'numpy': '1.23.5', 'pandas': '1.5.3', 'jinja2': '3.1.2', 'scipy': '1.10.1', 'joblib': '1.3.2', 'sklearn': '1.2.2', 'pyod': '1.1.0', 'imblearn': '0.10.1', 'category_encoders': '2.6.2', 'lightgbm': '4.0.0', 'numba': '0.56.4', 'requests': '2.31.0', 'matplotlib': '3.7.1', 'scikitplot': '0.3.7', 'yellowbrick': '1.5', 'plotly': '5.15.0', 'plotly-resampler': 'Not installed', 'kaleido': '0.2.1', 'schemdraw': '0.15', 'statsmodels': '0.14.0', 'sktime': '0.22.0', 'tbats': '1.1.3', 'pmdarima': '2.0.3', 'psutil': '5.9.5', 'markupsafe': '2.1.3', 'pickle5': 'Not installed', 'cloudpickle': '2.2.1', 'deprecation': '2.1.0', 'xxhash': '3.3.0', 'wurlitzer': '3.0.3'}, 'python': {'version': '3.10.12', 'machine': 'x86_64'}}
  warnings.warn(

2026-07-27 23:01:19,515:WARNING:
'cuml' is a soft dependency and not included in the pycaret installation. Please run: `pip install cuml` to install.
2026-07-27 23:01:19,515:WARNING:
'cuml' is a soft dependency and not included in the pycaret installation. Please run: `pip install cuml` to install.
2026-07-27 23:01:19,515:WARNING:
'cuml' is a soft dependency and not included in the pycaret installation. Please run: `pip install cuml` to install.
2026-07-27 23:01:19,515:WARNING:
'cuml' is a soft dependency and not included in the pycaret installation. Please run: `pip install cuml` to install.
2026-07-27 23:01:20,251:INFO:Initializing load_model()
2026-07-27 23:01:20,251:INFO:load_model(model_name=model/phishingdetection, platform=None, authentication=None, verbose=True)
2026-07-27 23:01:20,253:WARNING:C:\Users\asus\Downloads\python-phishing-url-detection-master\python-phishing-url-detection-master\venv\lib\site-packages\sklearn\base.py:376: InconsistentVersionWarning: Trying to unpickle estimator SimpleImputer from version 1.2.2 when using version 1.4.2. This might lead to breaking code or invalid results. Use at your own risk. For more info please refer to:
https://scikit-learn.org/stable/model_persistence.html#security-maintainability-limitations
  warnings.warn(

2026-07-27 23:01:20,254:WARNING:C:\Users\asus\Downloads\python-phishing-url-detection-master\python-phishing-url-detection-master\venv\lib\site-packages\sklearn\base.py:376: InconsistentVersionWarning: Trying to unpickle estimator PowerTransformer from version 1.2.2 when using version 1.4.2. This might lead to breaking code or invalid results. Use at your own risk. For more info please refer to:
https://scikit-learn.org/stable/model_persistence.html#security-maintainability-limitations
  warnings.warn(

2026-07-27 23:01:20,254:WARNING:C:\Users\asus\Downloads\python-phishing-url-detection-master\python-phishing-url-detection-master\venv\lib\site-packages\sklearn\base.py:376: InconsistentVersionWarning: Trying to unpickle estimator StandardScaler from version 1.2.2 when using version 1.4.2. This might lead to breaking code or invalid results. Use at your own risk. For more info please refer to:
https://scikit-learn.org/stable/model_persistence.html#security-maintainability-limitations
  warnings.warn(

2026-07-27 23:01:20,277:WARNING:C:\Users\asus\Downloads\python-phishing-url-detection-master\python-phishing-url-detection-master\venv\lib\site-packages\sklearn\base.py:376: InconsistentVersionWarning: Trying to unpickle estimator LabelEncoder from version 1.2.2 when using version 1.4.2. This might lead to breaking code or invalid results. Use at your own risk. For more info please refer to:
https://scikit-learn.org/stable/model_persistence.html#security-maintainability-limitations
  warnings.warn(

2026-07-27 23:01:20,278:WARNING:C:\Users\asus\Downloads\python-phishing-url-detection-master\python-phishing-url-detection-master\venv\lib\site-packages\_distutils_hack\__init__.py:30: UserWarning: Setuptools is replacing distutils. Support for replacing an already imported distutils is deprecated. In the future, this condition will fail. Register concerns at https://github.com/pypa/setuptools/issues/new?template=distutils-deprecation.yml
  warnings.warn(

2026-07-27 23:01:20,282:WARNING:C:\Users\asus\Downloads\python-phishing-url-detection-master\python-phishing-url-detection-master\venv\lib\site-packages\pycaret\internal\pipeline.py:146: UserWarning: Version mismatch:
current: {'deps_info': {'pip': '26.1.2', 'setuptools': '82.0.1', 'pycaret': '3.3.1', 'IPython': '8.23.0', 'ipywidgets': '8.1.2', 'tqdm': '4.66.2', 'numpy': '1.26.4', 'pandas': '2.1.4', 'jinja2': '3.1.3', 'scipy': '1.11.4', 'joblib': '1.3.2', 'sklearn': '1.4.2', 'pyod': '1.1.3', 'imblearn': '0.12.2', 'category_encoders': '2.6.3', 'lightgbm': '4.3.0', 'numba': '0.59.1', 'requests': '2.31.0', 'matplotlib': '3.7.5', 'scikitplot': '0.3.7', 'yellowbrick': '1.5', 'plotly': '5.21.0', 'plotly-resampler': 'Not installed', 'kaleido': '0.2.1', 'schemdraw': '0.15', 'statsmodels': '0.14.2', 'sktime': '0.26.0', 'tbats': '1.1.3', 'pmdarima': '2.0.4', 'psutil': '5.9.8', 'markupsafe': '2.1.5', 'pickle5': 'Not installed', 'cloudpickle': '3.0.0', 'deprecation': '2.1.0', 'xxhash': '3.4.1', 'wurlitzer': 'Not installed'}, 'python': {'version': '3.10.11', 'machine': 'AMD64'}}
pickle: {'deps_info': {'pip': '23.1.2', 'setuptools': '67.7.2', 'pycaret': '3.0.4', 'IPython': '7.34.0', 'ipywidgets': '7.7.1', 'tqdm': '4.66.1', 'numpy': '1.23.5', 'pandas': '1.5.3', 'jinja2': '3.1.2', 'scipy': '1.10.1', 'joblib': '1.3.2', 'sklearn': '1.2.2', 'pyod': '1.1.0', 'imblearn': '0.10.1', 'category_encoders': '2.6.2', 'lightgbm': '4.0.0', 'numba': '0.56.4', 'requests': '2.31.0', 'matplotlib': '3.7.1', 'scikitplot': '0.3.7', 'yellowbrick': '1.5', 'plotly': '5.15.0', 'plotly-resampler': 'Not installed', 'kaleido': '0.2.1', 'schemdraw': '0.15', 'statsmodels': '0.14.0', 'sktime': '0.22.0', 'tbats': '1.1.3', 'pmdarima': '2.0.3', 'psutil': '5.9.5', 'markupsafe': '2.1.3', 'pickle5': 'Not installed', 'cloudpickle': '2.2.1', 'deprecation': '2.1.0', 'xxhash': '3.3.0', 'wurlitzer': '3.0.3'}, 'python': {'version': '3.10.12', 'machine': 'x86_64'}}
  warnings.warn(

2026-07-27 23:01:36,547:WARNING:C:\Users\asus\Downloads\python-phishing-url-detection-master\python-phishing-url-detection-master\venv\lib\site-packages\sklearn\base.py:376: InconsistentVersionWarning: Trying to unpickle estimator PCA from version 1.2.2 when using version 1.4.2. This might lead to breaking code or invalid results. Use at your own risk. For more info please refer to:
https://scikit-learn.org/stable/model_persistence.html#security-maintainability-limitations
  warnings.warn(

2026-07-27 23:01:36,561:INFO:Initializing predict_model()
2026-07-27 23:01:36,561:INFO:predict_model(self=<pycaret.classification.oop.ClassificationExperiment object at 0x000001A77AEDDE70>, estimator=Pipeline(memory=FastMemory(location=/tmp/joblib),
         steps=[('numerical_imputer',
                 TransformerWrapper(include=['domain_att', 'URL_Length',
                                             'URL_Depth'],
                                    transformer=SimpleImputer())),
                ('categorical_imputer',
                 TransformerWrapper(include=[],
                                    transformer=SimpleImputer(strategy='most_frequent'))),
                ('transformation',
                 TransformerWrapper(transformer=PowerTransformer(standardize=False))),
                ('normalize', TransformerWrapper(transformer=StandardScaler())),
                ('clean_column_names',
                 TransformerWrapper(transformer=CleanColumnNames())),
                ('trained_model', LGBMClassifier(n_jobs=-1, random_state=321))]), probability_threshold=None, encoded_labels=False, raw_score=False, round=4, verbose=True, ml_usecase=None, preprocess=True, encode_labels=<function _SupervisedExperiment.predict_model.<locals>.encode_labels at 0x000001A77AEA9E10>)
2026-07-27 23:01:36,561:INFO:Checking exceptions
2026-07-27 23:01:36,561:INFO:Preloading libraries
2026-07-27 23:01:36,561:INFO:Set up data.
2026-07-27 23:01:36,564:INFO:Set up index.
2026-07-27 23:02:05,694:WARNING:C:\Users\asus\Downloads\python-phishing-url-detection-master\python-phishing-url-detection-master\venv\lib\site-packages\sklearn\base.py:376: InconsistentVersionWarning: Trying to unpickle estimator PCA from version 1.2.2 when using version 1.4.2. This might lead to breaking code or invalid results. Use at your own risk. For more info please refer to:
https://scikit-learn.org/stable/model_persistence.html#security-maintainability-limitations
  warnings.warn(

2026-07-27 23:02:05,701:INFO:Initializing predict_model()
2026-07-27 23:02:05,701:INFO:predict_model(self=<pycaret.classification.oop.ClassificationExperiment object at 0x000001A77AEDDC90>, estimator=Pipeline(memory=FastMemory(location=/tmp/joblib),
         steps=[('numerical_imputer',
                 TransformerWrapper(include=['domain_att', 'URL_Length',
                                             'URL_Depth'],
                                    transformer=SimpleImputer())),
                ('categorical_imputer',
                 TransformerWrapper(include=[],
                                    transformer=SimpleImputer(strategy='most_frequent'))),
                ('transformation',
                 TransformerWrapper(transformer=PowerTransformer(standardize=False))),
                ('normalize', TransformerWrapper(transformer=StandardScaler())),
                ('clean_column_names',
                 TransformerWrapper(transformer=CleanColumnNames())),
                ('trained_model', LGBMClassifier(n_jobs=-1, random_state=321))]), probability_threshold=None, encoded_labels=False, raw_score=False, round=4, verbose=True, ml_usecase=None, preprocess=True, encode_labels=<function _SupervisedExperiment.predict_model.<locals>.encode_labels at 0x000001A77AEA9C60>)
2026-07-27 23:02:05,702:INFO:Checking exceptions
2026-07-27 23:02:05,702:INFO:Preloading libraries
2026-07-27 23:02:05,702:INFO:Set up data.
2026-07-27 23:02:05,705:INFO:Set up index.
2026-07-27 23:02:21,488:WARNING:C:\Users\asus\Downloads\python-phishing-url-detection-master\python-phishing-url-detection-master\venv\lib\site-packages\sklearn\base.py:376: InconsistentVersionWarning: Trying to unpickle estimator PCA from version 1.2.2 when using version 1.4.2. This might lead to breaking code or invalid results. Use at your own risk. For more info please refer to:
https://scikit-learn.org/stable/model_persistence.html#security-maintainability-limitations
  warnings.warn(

2026-07-27 23:02:21,495:INFO:Initializing predict_model()
2026-07-27 23:02:21,495:INFO:predict_model(self=<pycaret.classification.oop.ClassificationExperiment object at 0x000001A77AEDE800>, estimator=Pipeline(memory=FastMemory(location=/tmp/joblib),
         steps=[('numerical_imputer',
                 TransformerWrapper(include=['domain_att', 'URL_Length',
                                             'URL_Depth'],
                                    transformer=SimpleImputer())),
                ('categorical_imputer',
                 TransformerWrapper(include=[],
                                    transformer=SimpleImputer(strategy='most_frequent'))),
                ('transformation',
                 TransformerWrapper(transformer=PowerTransformer(standardize=False))),
                ('normalize', TransformerWrapper(transformer=StandardScaler())),
                ('clean_column_names',
                 TransformerWrapper(transformer=CleanColumnNames())),
                ('trained_model', LGBMClassifier(n_jobs=-1, random_state=321))]), probability_threshold=None, encoded_labels=False, raw_score=False, round=4, verbose=True, ml_usecase=None, preprocess=True, encode_labels=<function _SupervisedExperiment.predict_model.<locals>.encode_labels at 0x000001A77AEAA9E0>)
2026-07-27 23:02:21,495:INFO:Checking exceptions
2026-07-27 23:02:21,495:INFO:Preloading libraries
2026-07-27 23:02:21,495:INFO:Set up data.
2026-07-27 23:02:21,498:INFO:Set up index.
2026-07-27 23:02:43,705:WARNING:C:\Users\asus\Downloads\python-phishing-url-detection-master\python-phishing-url-detection-master\venv\lib\site-packages\sklearn\base.py:376: InconsistentVersionWarning: Trying to unpickle estimator PCA from version 1.2.2 when using version 1.4.2. This might lead to breaking code or invalid results. Use at your own risk. For more info please refer to:
https://scikit-learn.org/stable/model_persistence.html#security-maintainability-limitations
  warnings.warn(

2026-07-27 23:02:43,711:INFO:Initializing predict_model()
2026-07-27 23:02:43,711:INFO:predict_model(self=<pycaret.classification.oop.ClassificationExperiment object at 0x000001A77AEA3A30>, estimator=Pipeline(memory=FastMemory(location=/tmp/joblib),
         steps=[('numerical_imputer',
                 TransformerWrapper(include=['domain_att', 'URL_Length',
                                             'URL_Depth'],
                                    transformer=SimpleImputer())),
                ('categorical_imputer',
                 TransformerWrapper(include=[],
                                    transformer=SimpleImputer(strategy='most_frequent'))),
                ('transformation',
                 TransformerWrapper(transformer=PowerTransformer(standardize=False))),
                ('normalize', TransformerWrapper(transformer=StandardScaler())),
                ('clean_column_names',
                 TransformerWrapper(transformer=CleanColumnNames())),
                ('trained_model', LGBMClassifier(n_jobs=-1, random_state=321))]), probability_threshold=None, encoded_labels=False, raw_score=False, round=4, verbose=True, ml_usecase=None, preprocess=True, encode_labels=<function _SupervisedExperiment.predict_model.<locals>.encode_labels at 0x000001A77AEAA440>)
2026-07-27 23:02:43,711:INFO:Checking exceptions
2026-07-27 23:02:43,711:INFO:Preloading libraries
2026-07-27 23:02:43,711:INFO:Set up data.
2026-07-27 23:02:43,715:INFO:Set up index.
2026-07-27 23:03:07,464:WARNING:C:\Users\asus\Downloads\python-phishing-url-detection-master\python-phishing-url-detection-master\venv\lib\site-packages\sklearn\base.py:376: InconsistentVersionWarning: Trying to unpickle estimator PCA from version 1.2.2 when using version 1.4.2. This might lead to breaking code or invalid results. Use at your own risk. For more info please refer to:
https://scikit-learn.org/stable/model_persistence.html#security-maintainability-limitations
  warnings.warn(

2026-07-27 23:03:07,471:INFO:Initializing predict_model()
2026-07-27 23:03:07,471:INFO:predict_model(self=<pycaret.classification.oop.ClassificationExperiment object at 0x000001A77AEDE770>, estimator=Pipeline(memory=FastMemory(location=/tmp/joblib),
         steps=[('numerical_imputer',
                 TransformerWrapper(include=['domain_att', 'URL_Length',
                                             'URL_Depth'],
                                    transformer=SimpleImputer())),
                ('categorical_imputer',
                 TransformerWrapper(include=[],
                                    transformer=SimpleImputer(strategy='most_frequent'))),
                ('transformation',
                 TransformerWrapper(transformer=PowerTransformer(standardize=False))),
                ('normalize', TransformerWrapper(transformer=StandardScaler())),
                ('clean_column_names',
                 TransformerWrapper(transformer=CleanColumnNames())),
                ('trained_model', LGBMClassifier(n_jobs=-1, random_state=321))]), probability_threshold=None, encoded_labels=False, raw_score=False, round=4, verbose=True, ml_usecase=None, preprocess=True, encode_labels=<function _SupervisedExperiment.predict_model.<locals>.encode_labels at 0x000001A77AEA9D80>)
2026-07-27 23:03:07,471:INFO:Checking exceptions
2026-07-27 23:03:07,471:INFO:Preloading libraries
2026-07-27 23:03:07,471:INFO:Set up data.
2026-07-27 23:03:07,474:INFO:Set up index.
2026-08-09 11:02:00,306:WARNING:
'cuml' is a soft dependency and not included in the pycaret installation. Please run: `pip install cuml` to install.
2026-08-09 11:02:00,306:WARNING:
'cuml' is a soft dependency and not included in the pycaret installation. Please run: `pip install cuml` to install.
2026-08-09 11:02:00,306:WARNING:
'cuml' is a soft dependency and not included in the pycaret installation. Please run: `pip install cuml` to install.
2026-08-09 11:02:00,306:WARNING:
'cuml' is a soft dependency and not included in the pycaret installation. Please run: `pip install cuml` to install.
2026-08-09 11:02:02,534:INFO:Initializing load_model()
2026-08-09 11:02:02,534:INFO:load_model(model_name=model/phishingdetection, platform=None, authentication=None, verbose=True)
2026-08-09 11:02:02,557:WARNING:C:\Users\asus\Downloads\python-phishing-url-detection-master\python-phishing-url-detection-master\venv\lib\site-packages\sklearn\base.py:376: InconsistentVersionWarning: Trying to unpickle estimator SimpleImputer from version 1.2.2 when using version 1.4.2. This might lead to breaking code or invalid results. Use at your own risk. For more info please refer to:
https://scikit-learn.org/stable/model_persistence.html#security-maintainability-limitations
  warnings.warn(

2026-08-09 11:02:02,558:WARNING:C:\Users\asus\Downloads\python-phishing-url-detection-master\python-phishing-url-detection-master\venv\lib\site-packages\sklearn\base.py:376: InconsistentVersionWarning: Trying to unpickle estimator PowerTransformer from version 1.2.2 when using version 1.4.2. This might lead to breaking code or invalid results. Use at your own risk. For more info please refer to:
https://scikit-learn.org/stable/model_persistence.html#security-maintainability-limitations
  warnings.warn(

2026-08-09 11:02:02,558:WARNING:C:\Users\asus\Downloads\python-phishing-url-detection-master\python-phishing-url-detection-master\venv\lib\site-packages\sklearn\base.py:376: InconsistentVersionWarning: Trying to unpickle estimator StandardScaler from version 1.2.2 when using version 1.4.2. This might lead to breaking code or invalid results. Use at your own risk. For more info please refer to:
https://scikit-learn.org/stable/model_persistence.html#security-maintainability-limitations
  warnings.warn(

2026-08-09 11:02:02,623:WARNING:C:\Users\asus\Downloads\python-phishing-url-detection-master\python-phishing-url-detection-master\venv\lib\site-packages\sklearn\base.py:376: InconsistentVersionWarning: Trying to unpickle estimator LabelEncoder from version 1.2.2 when using version 1.4.2. This might lead to breaking code or invalid results. Use at your own risk. For more info please refer to:
https://scikit-learn.org/stable/model_persistence.html#security-maintainability-limitations
  warnings.warn(

2026-08-09 11:02:02,638:WARNING:C:\Users\asus\Downloads\python-phishing-url-detection-master\python-phishing-url-detection-master\venv\lib\site-packages\_distutils_hack\__init__.py:30: UserWarning: Setuptools is replacing distutils. Support for replacing an already imported distutils is deprecated. In the future, this condition will fail. Register concerns at https://github.com/pypa/setuptools/issues/new?template=distutils-deprecation.yml
  warnings.warn(

2026-08-09 11:02:02,660:WARNING:C:\Users\asus\Downloads\python-phishing-url-detection-master\python-phishing-url-detection-master\venv\lib\site-packages\pycaret\internal\pipeline.py:146: UserWarning: Version mismatch:
current: {'deps_info': {'pip': '26.1.2', 'setuptools': '82.0.1', 'pycaret': '3.3.1', 'IPython': '8.23.0', 'ipywidgets': '8.1.2', 'tqdm': '4.66.2', 'numpy': '1.26.4', 'pandas': '2.1.4', 'jinja2': '3.1.3', 'scipy': '1.11.4', 'joblib': '1.3.2', 'sklearn': '1.4.2', 'pyod': '1.1.3', 'imblearn': '0.12.2', 'category_encoders': '2.6.3', 'lightgbm': '4.3.0', 'numba': '0.59.1', 'requests': '2.31.0', 'matplotlib': '3.7.5', 'scikitplot': '0.3.7', 'yellowbrick': '1.5', 'plotly': '5.21.0', 'plotly-resampler': 'Not installed', 'kaleido': '0.2.1', 'schemdraw': '0.15', 'statsmodels': '0.14.2', 'sktime': '0.26.0', 'tbats': '1.1.3', 'pmdarima': '2.0.4', 'psutil': '5.9.8', 'markupsafe': '2.1.5', 'pickle5': 'Not installed', 'cloudpickle': '3.0.0', 'deprecation': '2.1.0', 'xxhash': '3.4.1', 'wurlitzer': 'Not installed'}, 'python': {'version': '3.10.11', 'machine': 'AMD64'}}
pickle: {'deps_info': {'pip': '23.1.2', 'setuptools': '67.7.2', 'pycaret': '3.0.4', 'IPython': '7.34.0', 'ipywidgets': '7.7.1', 'tqdm': '4.66.1', 'numpy': '1.23.5', 'pandas': '1.5.3', 'jinja2': '3.1.2', 'scipy': '1.10.1', 'joblib': '1.3.2', 'sklearn': '1.2.2', 'pyod': '1.1.0', 'imblearn': '0.10.1', 'category_encoders': '2.6.2', 'lightgbm': '4.0.0', 'numba': '0.56.4', 'requests': '2.31.0', 'matplotlib': '3.7.1', 'scikitplot': '0.3.7', 'yellowbrick': '1.5', 'plotly': '5.15.0', 'plotly-resampler': 'Not installed', 'kaleido': '0.2.1', 'schemdraw': '0.15', 'statsmodels': '0.14.0', 'sktime': '0.22.0', 'tbats': '1.1.3', 'pmdarima': '2.0.3', 'psutil': '5.9.5', 'markupsafe': '2.1.3', 'pickle5': 'Not installed', 'cloudpickle': '2.2.1', 'deprecation': '2.1.0', 'xxhash': '3.3.0', 'wurlitzer': '3.0.3'}, 'python': {'version': '3.10.12', 'machine': 'x86_64'}}
  warnings.warn(

2026-08-09 11:02:04,530:WARNING:
'cuml' is a soft dependency and not included in the pycaret installation. Please run: `pip install cuml` to install.
2026-08-09 11:02:04,530:WARNING:
'cuml' is a soft dependency and not included in the pycaret installation. Please run: `pip install cuml` to install.
2026-08-09 11:02:04,530:WARNING:
'cuml' is a soft dependency and not included in the pycaret installation. Please run: `pip install cuml` to install.
2026-08-09 11:02:04,530:WARNING:
'cuml' is a soft dependency and not included in the pycaret installation. Please run: `pip install cuml` to install.
2026-08-09 11:02:05,254:INFO:Initializing load_model()
2026-08-09 11:02:05,254:INFO:load_model(model_name=model/phishingdetection, platform=None, authentication=None, verbose=True)
2026-08-09 11:02:05,256:WARNING:C:\Users\asus\Downloads\python-phishing-url-detection-master\python-phishing-url-detection-master\venv\lib\site-packages\sklearn\base.py:376: InconsistentVersionWarning: Trying to unpickle estimator SimpleImputer from version 1.2.2 when using version 1.4.2. This might lead to breaking code or invalid results. Use at your own risk. For more info please refer to:
https://scikit-learn.org/stable/model_persistence.html#security-maintainability-limitations
  warnings.warn(

2026-08-09 11:02:05,256:WARNING:C:\Users\asus\Downloads\python-phishing-url-detection-master\python-phishing-url-detection-master\venv\lib\site-packages\sklearn\base.py:376: InconsistentVersionWarning: Trying to unpickle estimator PowerTransformer from version 1.2.2 when using version 1.4.2. This might lead to breaking code or invalid results. Use at your own risk. For more info please refer to:
https://scikit-learn.org/stable/model_persistence.html#security-maintainability-limitations
  warnings.warn(

2026-08-09 11:02:05,256:WARNING:C:\Users\asus\Downloads\python-phishing-url-detection-master\python-phishing-url-detection-master\venv\lib\site-packages\sklearn\base.py:376: InconsistentVersionWarning: Trying to unpickle estimator StandardScaler from version 1.2.2 when using version 1.4.2. This might lead to breaking code or invalid results. Use at your own risk. For more info please refer to:
https://scikit-learn.org/stable/model_persistence.html#security-maintainability-limitations
  warnings.warn(

2026-08-09 11:02:05,280:WARNING:C:\Users\asus\Downloads\python-phishing-url-detection-master\python-phishing-url-detection-master\venv\lib\site-packages\sklearn\base.py:376: InconsistentVersionWarning: Trying to unpickle estimator LabelEncoder from version 1.2.2 when using version 1.4.2. This might lead to breaking code or invalid results. Use at your own risk. For more info please refer to:
https://scikit-learn.org/stable/model_persistence.html#security-maintainability-limitations
  warnings.warn(

2026-08-09 11:02:05,281:WARNING:C:\Users\asus\Downloads\python-phishing-url-detection-master\python-phishing-url-detection-master\venv\lib\site-packages\_distutils_hack\__init__.py:30: UserWarning: Setuptools is replacing distutils. Support for replacing an already imported distutils is deprecated. In the future, this condition will fail. Register concerns at https://github.com/pypa/setuptools/issues/new?template=distutils-deprecation.yml
  warnings.warn(

2026-08-09 11:02:05,285:WARNING:C:\Users\asus\Downloads\python-phishing-url-detection-master\python-phishing-url-detection-master\venv\lib\site-packages\pycaret\internal\pipeline.py:146: UserWarning: Version mismatch:
current: {'deps_info': {'pip': '26.1.2', 'setuptools': '82.0.1', 'pycaret': '3.3.1', 'IPython': '8.23.0', 'ipywidgets': '8.1.2', 'tqdm': '4.66.2', 'numpy': '1.26.4', 'pandas': '2.1.4', 'jinja2': '3.1.3', 'scipy': '1.11.4', 'joblib': '1.3.2', 'sklearn': '1.4.2', 'pyod': '1.1.3', 'imblearn': '0.12.2', 'category_encoders': '2.6.3', 'lightgbm': '4.3.0', 'numba': '0.59.1', 'requests': '2.31.0', 'matplotlib': '3.7.5', 'scikitplot': '0.3.7', 'yellowbrick': '1.5', 'plotly': '5.21.0', 'plotly-resampler': 'Not installed', 'kaleido': '0.2.1', 'schemdraw': '0.15', 'statsmodels': '0.14.2', 'sktime': '0.26.0', 'tbats': '1.1.3', 'pmdarima': '2.0.4', 'psutil': '5.9.8', 'markupsafe': '2.1.5', 'pickle5': 'Not installed', 'cloudpickle': '3.0.0', 'deprecation': '2.1.0', 'xxhash': '3.4.1', 'wurlitzer': 'Not installed'}, 'python': {'version': '3.10.11', 'machine': 'AMD64'}}
pickle: {'deps_info': {'pip': '23.1.2', 'setuptools': '67.7.2', 'pycaret': '3.0.4', 'IPython': '7.34.0', 'ipywidgets': '7.7.1', 'tqdm': '4.66.1', 'numpy': '1.23.5', 'pandas': '1.5.3', 'jinja2': '3.1.2', 'scipy': '1.10.1', 'joblib': '1.3.2', 'sklearn': '1.2.2', 'pyod': '1.1.0', 'imblearn': '0.10.1', 'category_encoders': '2.6.2', 'lightgbm': '4.0.0', 'numba': '0.56.4', 'requests': '2.31.0', 'matplotlib': '3.7.1', 'scikitplot': '0.3.7', 'yellowbrick': '1.5', 'plotly': '5.15.0', 'plotly-resampler': 'Not installed', 'kaleido': '0.2.1', 'schemdraw': '0.15', 'statsmodels': '0.14.0', 'sktime': '0.22.0', 'tbats': '1.1.3', 'pmdarima': '2.0.3', 'psutil': '5.9.5', 'markupsafe': '2.1.3', 'pickle5': 'Not installed', 'cloudpickle': '2.2.1', 'deprecation': '2.1.0', 'xxhash': '3.3.0', 'wurlitzer': '3.0.3'}, 'python': {'version': '3.10.12', 'machine': 'x86_64'}}
  warnings.warn(

2026-08-09 11:02:16,510:WARNING:C:\Users\asus\Downloads\python-phishing-url-detection-master\python-phishing-url-detection-master\venv\lib\site-packages\sklearn\base.py:376: InconsistentVersionWarning: Trying to unpickle estimator PCA from version 1.2.2 when using version 1.4.2. This might lead to breaking code or invalid results. Use at your own risk. For more info please refer to:
https://scikit-learn.org/stable/model_persistence.html#security-maintainability-limitations
  warnings.warn(

2026-08-09 11:02:16,522:INFO:Initializing predict_model()
2026-08-09 11:02:16,522:INFO:predict_model(self=<pycaret.classification.oop.ClassificationExperiment object at 0x000001516C5C4FA0>, estimator=Pipeline(memory=FastMemory(location=/tmp/joblib),
         steps=[('numerical_imputer',
                 TransformerWrapper(include=['domain_att', 'URL_Length',
                                             'URL_Depth'],
                                    transformer=SimpleImputer())),
                ('categorical_imputer',
                 TransformerWrapper(include=[],
                                    transformer=SimpleImputer(strategy='most_frequent'))),
                ('transformation',
                 TransformerWrapper(transformer=PowerTransformer(standardize=False))),
                ('normalize', TransformerWrapper(transformer=StandardScaler())),
                ('clean_column_names',
                 TransformerWrapper(transformer=CleanColumnNames())),
                ('trained_model', LGBMClassifier(n_jobs=-1, random_state=321))]), probability_threshold=None, encoded_labels=False, raw_score=False, round=4, verbose=True, ml_usecase=None, preprocess=True, encode_labels=<function _SupervisedExperiment.predict_model.<locals>.encode_labels at 0x000001516C58A290>)
2026-08-09 11:02:16,522:INFO:Checking exceptions
2026-08-09 11:02:16,522:INFO:Preloading libraries
2026-08-09 11:02:16,522:INFO:Set up data.
2026-08-09 11:02:16,525:INFO:Set up index.
2026-08-18 18:03:10,651:WARNING:
'cuml' is a soft dependency and not included in the pycaret installation. Please run: `pip install cuml` to install.
2026-08-18 18:03:10,652:WARNING:
'cuml' is a soft dependency and not included in the pycaret installation. Please run: `pip install cuml` to install.
2026-08-18 18:03:10,652:WARNING:
'cuml' is a soft dependency and not included in the pycaret installation. Please run: `pip install cuml` to install.
2026-08-18 18:03:10,652:WARNING:
'cuml' is a soft dependency and not included in the pycaret installation. Please run: `pip install cuml` to install.
2026-08-18 18:03:13,476:INFO:Initializing load_model()
2026-08-18 18:03:13,477:INFO:load_model(model_name=model/phishingdetection, platform=None, authentication=None, verbose=True)
2026-08-18 18:03:13,502:WARNING:C:\Users\asus\Downloads\python-phishing-url-detection-master\python-phishing-url-detection-master\venv\lib\site-packages\sklearn\base.py:376: InconsistentVersionWarning: Trying to unpickle estimator SimpleImputer from version 1.2.2 when using version 1.4.2. This might lead to breaking code or invalid results. Use at your own risk. For more info please refer to:
https://scikit-learn.org/stable/model_persistence.html#security-maintainability-limitations
  warnings.warn(

2026-08-18 18:03:13,502:WARNING:C:\Users\asus\Downloads\python-phishing-url-detection-master\python-phishing-url-detection-master\venv\lib\site-packages\sklearn\base.py:376: InconsistentVersionWarning: Trying to unpickle estimator PowerTransformer from version 1.2.2 when using version 1.4.2. This might lead to breaking code or invalid results. Use at your own risk. For more info please refer to:
https://scikit-learn.org/stable/model_persistence.html#security-maintainability-limitations
  warnings.warn(

2026-08-18 18:03:13,502:WARNING:C:\Users\asus\Downloads\python-phishing-url-detection-master\python-phishing-url-detection-master\venv\lib\site-packages\sklearn\base.py:376: InconsistentVersionWarning: Trying to unpickle estimator StandardScaler from version 1.2.2 when using version 1.4.2. This might lead to breaking code or invalid results. Use at your own risk. For more info please refer to:
https://scikit-learn.org/stable/model_persistence.html#security-maintainability-limitations
  warnings.warn(

2026-08-18 18:03:13,565:WARNING:C:\Users\asus\Downloads\python-phishing-url-detection-master\python-phishing-url-detection-master\venv\lib\site-packages\sklearn\base.py:376: InconsistentVersionWarning: Trying to unpickle estimator LabelEncoder from version 1.2.2 when using version 1.4.2. This might lead to breaking code or invalid results. Use at your own risk. For more info please refer to:
https://scikit-learn.org/stable/model_persistence.html#security-maintainability-limitations
  warnings.warn(

2026-08-18 18:03:13,581:WARNING:C:\Users\asus\Downloads\python-phishing-url-detection-master\python-phishing-url-detection-master\venv\lib\site-packages\_distutils_hack\__init__.py:30: UserWarning: Setuptools is replacing distutils. Support for replacing an already imported distutils is deprecated. In the future, this condition will fail. Register concerns at https://github.com/pypa/setuptools/issues/new?template=distutils-deprecation.yml
  warnings.warn(

2026-08-18 18:03:13,603:WARNING:C:\Users\asus\Downloads\python-phishing-url-detection-master\python-phishing-url-detection-master\venv\lib\site-packages\pycaret\internal\pipeline.py:146: UserWarning: Version mismatch:
current: {'deps_info': {'pip': '26.1.2', 'setuptools': '82.0.1', 'pycaret': '3.3.1', 'IPython': '8.23.0', 'ipywidgets': '8.1.2', 'tqdm': '4.66.2', 'numpy': '1.26.4', 'pandas': '2.1.4', 'jinja2': '3.1.3', 'scipy': '1.11.4', 'joblib': '1.3.2', 'sklearn': '1.4.2', 'pyod': '1.1.3', 'imblearn': '0.12.2', 'category_encoders': '2.6.3', 'lightgbm': '4.3.0', 'numba': '0.59.1', 'requests': '2.31.0', 'matplotlib': '3.7.5', 'scikitplot': '0.3.7', 'yellowbrick': '1.5', 'plotly': '5.21.0', 'plotly-resampler': 'Not installed', 'kaleido': '0.2.1', 'schemdraw': '0.15', 'statsmodels': '0.14.2', 'sktime': '0.26.0', 'tbats': '1.1.3', 'pmdarima': '2.0.4', 'psutil': '5.9.8', 'markupsafe': '2.1.5', 'pickle5': 'Not installed', 'cloudpickle': '3.0.0', 'deprecation': '2.1.0', 'xxhash': '3.4.1', 'wurlitzer': 'Not installed'}, 'python': {'version': '3.10.11', 'machine': 'AMD64'}}
pickle: {'deps_info': {'pip': '23.1.2', 'setuptools': '67.7.2', 'pycaret': '3.0.4', 'IPython': '7.34.0', 'ipywidgets': '7.7.1', 'tqdm': '4.66.1', 'numpy': '1.23.5', 'pandas': '1.5.3', 'jinja2': '3.1.2', 'scipy': '1.10.1', 'joblib': '1.3.2', 'sklearn': '1.2.2', 'pyod': '1.1.0', 'imblearn': '0.10.1', 'category_encoders': '2.6.2', 'lightgbm': '4.0.0', 'numba': '0.56.4', 'requests': '2.31.0', 'matplotlib': '3.7.1', 'scikitplot': '0.3.7', 'yellowbrick': '1.5', 'plotly': '5.15.0', 'plotly-resampler': 'Not installed', 'kaleido': '0.2.1', 'schemdraw': '0.15', 'statsmodels': '0.14.0', 'sktime': '0.22.0', 'tbats': '1.1.3', 'pmdarima': '2.0.3', 'psutil': '5.9.5', 'markupsafe': '2.1.3', 'pickle5': 'Not installed', 'cloudpickle': '2.2.1', 'deprecation': '2.1.0', 'xxhash': '3.3.0', 'wurlitzer': '3.0.3'}, 'python': {'version': '3.10.12', 'machine': 'x86_64'}}
  warnings.warn(

2026-08-18 18:03:15,840:WARNING:
'cuml' is a soft dependency and not included in the pycaret installation. Please run: `pip install cuml` to install.
2026-08-18 18:03:15,840:WARNING:
'cuml' is a soft dependency and not included in the pycaret installation. Please run: `pip install cuml` to install.
2026-08-18 18:03:15,840:WARNING:
'cuml' is a soft dependency and not included in the pycaret installation. Please run: `pip install cuml` to install.
2026-08-18 18:03:15,840:WARNING:
'cuml' is a soft dependency and not included in the pycaret installation. Please run: `pip install cuml` to install.
2026-08-18 18:03:16,755:INFO:Initializing load_model()
2026-08-18 18:03:16,755:INFO:load_model(model_name=model/phishingdetection, platform=None, authentication=None, verbose=True)
2026-08-18 18:03:16,756:WARNING:C:\Users\asus\Downloads\python-phishing-url-detection-master\python-phishing-url-detection-master\venv\lib\site-packages\sklearn\base.py:376: InconsistentVersionWarning: Trying to unpickle estimator SimpleImputer from version 1.2.2 when using version 1.4.2. This might lead to breaking code or invalid results. Use at your own risk. For more info please refer to:
https://scikit-learn.org/stable/model_persistence.html#security-maintainability-limitations
  warnings.warn(

2026-08-18 18:03:16,756:WARNING:C:\Users\asus\Downloads\python-phishing-url-detection-master\python-phishing-url-detection-master\venv\lib\site-packages\sklearn\base.py:376: InconsistentVersionWarning: Trying to unpickle estimator PowerTransformer from version 1.2.2 when using version 1.4.2. This might lead to breaking code or invalid results. Use at your own risk. For more info please refer to:
https://scikit-learn.org/stable/model_persistence.html#security-maintainability-limitations
  warnings.warn(

2026-08-18 18:03:16,757:WARNING:C:\Users\asus\Downloads\python-phishing-url-detection-master\python-phishing-url-detection-master\venv\lib\site-packages\sklearn\base.py:376: InconsistentVersionWarning: Trying to unpickle estimator StandardScaler from version 1.2.2 when using version 1.4.2. This might lead to breaking code or invalid results. Use at your own risk. For more info please refer to:
https://scikit-learn.org/stable/model_persistence.html#security-maintainability-limitations
  warnings.warn(

2026-08-18 18:03:16,779:WARNING:C:\Users\asus\Downloads\python-phishing-url-detection-master\python-phishing-url-detection-master\venv\lib\site-packages\sklearn\base.py:376: InconsistentVersionWarning: Trying to unpickle estimator LabelEncoder from version 1.2.2 when using version 1.4.2. This might lead to breaking code or invalid results. Use at your own risk. For more info please refer to:
https://scikit-learn.org/stable/model_persistence.html#security-maintainability-limitations
  warnings.warn(

2026-08-18 18:03:16,780:WARNING:C:\Users\asus\Downloads\python-phishing-url-detection-master\python-phishing-url-detection-master\venv\lib\site-packages\_distutils_hack\__init__.py:30: UserWarning: Setuptools is replacing distutils. Support for replacing an already imported distutils is deprecated. In the future, this condition will fail. Register concerns at https://github.com/pypa/setuptools/issues/new?template=distutils-deprecation.yml
  warnings.warn(

2026-08-18 18:03:16,785:WARNING:C:\Users\asus\Downloads\python-phishing-url-detection-master\python-phishing-url-detection-master\venv\lib\site-packages\pycaret\internal\pipeline.py:146: UserWarning: Version mismatch:
current: {'deps_info': {'pip': '26.1.2', 'setuptools': '82.0.1', 'pycaret': '3.3.1', 'IPython': '8.23.0', 'ipywidgets': '8.1.2', 'tqdm': '4.66.2', 'numpy': '1.26.4', 'pandas': '2.1.4', 'jinja2': '3.1.3', 'scipy': '1.11.4', 'joblib': '1.3.2', 'sklearn': '1.4.2', 'pyod': '1.1.3', 'imblearn': '0.12.2', 'category_encoders': '2.6.3', 'lightgbm': '4.3.0', 'numba': '0.59.1', 'requests': '2.31.0', 'matplotlib': '3.7.5', 'scikitplot': '0.3.7', 'yellowbrick': '1.5', 'plotly': '5.21.0', 'plotly-resampler': 'Not installed', 'kaleido': '0.2.1', 'schemdraw': '0.15', 'statsmodels': '0.14.2', 'sktime': '0.26.0', 'tbats': '1.1.3', 'pmdarima': '2.0.4', 'psutil': '5.9.8', 'markupsafe': '2.1.5', 'pickle5': 'Not installed', 'cloudpickle': '3.0.0', 'deprecation': '2.1.0', 'xxhash': '3.4.1', 'wurlitzer': 'Not installed'}, 'python': {'version': '3.10.11', 'machine': 'AMD64'}}
pickle: {'deps_info': {'pip': '23.1.2', 'setuptools': '67.7.2', 'pycaret': '3.0.4', 'IPython': '7.34.0', 'ipywidgets': '7.7.1', 'tqdm': '4.66.1', 'numpy': '1.23.5', 'pandas': '1.5.3', 'jinja2': '3.1.2', 'scipy': '1.10.1', 'joblib': '1.3.2', 'sklearn': '1.2.2', 'pyod': '1.1.0', 'imblearn': '0.10.1', 'category_encoders': '2.6.2', 'lightgbm': '4.0.0', 'numba': '0.56.4', 'requests': '2.31.0', 'matplotlib': '3.7.1', 'scikitplot': '0.3.7', 'yellowbrick': '1.5', 'plotly': '5.15.0', 'plotly-resampler': 'Not installed', 'kaleido': '0.2.1', 'schemdraw': '0.15', 'statsmodels': '0.14.0', 'sktime': '0.22.0', 'tbats': '1.1.3', 'pmdarima': '2.0.3', 'psutil': '5.9.5', 'markupsafe': '2.1.3', 'pickle5': 'Not installed', 'cloudpickle': '2.2.1', 'deprecation': '2.1.0', 'xxhash': '3.3.0', 'wurlitzer': '3.0.3'}, 'python': {'version': '3.10.12', 'machine': 'x86_64'}}
  warnings.warn(

2026-08-18 18:03:25,042:WARNING:C:\Users\asus\Downloads\python-phishing-url-detection-master\python-phishing-url-detection-master\venv\lib\site-packages\sklearn\base.py:376: InconsistentVersionWarning: Trying to unpickle estimator PCA from version 1.2.2 when using version 1.4.2. This might lead to breaking code or invalid results. Use at your own risk. For more info please refer to:
https://scikit-learn.org/stable/model_persistence.html#security-maintainability-limitations
  warnings.warn(

2026-08-18 18:03:25,056:INFO:Initializing predict_model()
2026-08-18 18:03:25,056:INFO:predict_model(self=<pycaret.classification.oop.ClassificationExperiment object at 0x000001DE776FDCF0>, estimator=Pipeline(memory=FastMemory(location=/tmp/joblib),
         steps=[('numerical_imputer',
                 TransformerWrapper(include=['domain_att', 'URL_Length',
                                             'URL_Depth'],
                                    transformer=SimpleImputer())),
                ('categorical_imputer',
                 TransformerWrapper(include=[],
                                    transformer=SimpleImputer(strategy='most_frequent'))),
                ('transformation',
                 TransformerWrapper(transformer=PowerTransformer(standardize=False))),
                ('normalize', TransformerWrapper(transformer=StandardScaler())),
                ('clean_column_names',
                 TransformerWrapper(transformer=CleanColumnNames())),
                ('trained_model', LGBMClassifier(n_jobs=-1, random_state=321))]), probability_threshold=None, encoded_labels=False, raw_score=False, round=4, verbose=True, ml_usecase=None, preprocess=True, encode_labels=<function _SupervisedExperiment.predict_model.<locals>.encode_labels at 0x000001DE776CA440>)
2026-08-18 18:03:25,056:INFO:Checking exceptions
2026-08-18 18:03:25,056:INFO:Preloading libraries
2026-08-18 18:03:25,056:INFO:Set up data.
2026-08-18 18:03:25,059:INFO:Set up index.
